object={
	name="tree_palm_generator_1_0"
	clamp_to_water_level=no
	render_under_water=no
	generated_content=yes
	layer="tree_layer"
	pdxmesh="tree_palm_mesh"
	count=1786
	transform="2795.872314 0.000000 1397.262329 0.000000 0.831196 0.000000 -0.555979 0.875344 0.875344 0.875344
2801.813965 0.000000 1396.870850 0.000000 0.550888 0.000000 0.834579 0.545619 0.545619 0.545619
2791.901855 0.000000 1396.673706 0.000000 0.893346 0.000000 -0.449369 0.847519 0.847519 0.847519
2796.568115 0.000000 1399.793457 0.000000 0.811910 0.000000 0.583783 0.631118 0.631118 0.631118
2793.570801 0.000000 1398.467285 0.000000 0.068496 0.000000 0.997651 0.461826 0.461826 0.461826
2791.322266 0.000000 1398.782715 0.000000 0.987315 0.000000 -0.158773 0.780318 0.780318 0.780318
2792.052002 0.000000 1401.221436 0.000000 0.999450 0.000000 0.033148 0.743845 0.743845 0.743845
2787.274902 0.000000 1420.906250 0.000000 0.822676 0.000000 -0.568510 0.864979 0.864979 0.864979
2791.503174 0.000000 1423.778687 0.000000 0.883906 0.000000 -0.467665 0.851827 0.851827 0.851827
2783.740479 0.000000 1419.909546 0.000000 0.972035 0.000000 -0.234837 0.798136 0.798136 0.798136
2789.721680 0.000000 1418.642700 0.000000 0.780561 0.000000 0.625080 0.612885 0.612885 0.612885
2786.925537 0.000000 1417.344116 0.000000 0.982942 0.000000 -0.183915 0.783092 0.783092 0.783092
2787.042725 0.000000 1414.800415 0.000000 0.888668 0.000000 -0.458552 0.845127 0.845127 0.845127
2784.998535 0.000000 1421.987915 0.000000 0.096597 0.000000 0.995324 0.472204 0.472204 0.472204
2786.110840 0.000000 1419.299316 0.000000 0.142011 0.000000 -0.989865 0.995908 0.995908 0.995908
2787.922363 0.000000 1418.819336 0.000000 0.903084 0.000000 0.429463 0.673575 0.673575 0.673575
2762.147217 0.000000 1533.156006 0.000000 0.727685 0.000000 -0.685911 0.910704 0.910704 0.910704
2755.751953 0.000000 1523.017578 0.000000 0.559640 0.000000 -0.828736 0.957689 0.957689 0.957689
2758.076904 0.000000 1528.561646 0.000000 0.969472 0.000000 0.245201 0.698026 0.698026 0.698026
2756.923828 0.000000 1533.447388 0.000000 0.726819 0.000000 0.686829 0.593706 0.593706 0.593706
2754.559570 0.000000 1528.388794 0.000000 0.960772 0.000000 -0.277341 0.806908 0.806908 0.806908
2759.598389 0.000000 1534.450928 0.000000 0.408941 0.000000 -0.912561 0.970507 0.970507 0.970507
2756.805908 0.000000 1535.904907 0.000000 0.982311 0.000000 -0.187257 0.787722 0.787722 0.787722
2760.815674 0.000000 1536.722900 0.000000 0.118538 0.000000 -0.992949 1.039949 1.039949 1.039949
2787.748047 0.000000 1587.001953 0.000000 0.693388 0.000000 -0.720564 0.919263 0.919263 0.919263
2795.872314 0.000000 1589.215454 0.000000 0.756833 0.000000 0.653608 0.606150 0.606150 0.606150
2790.072998 0.000000 1592.546021 0.000000 0.210955 0.000000 -0.977496 1.014365 1.014365 1.014365
2796.364746 0.000000 1583.492432 0.000000 0.135055 0.000000 0.990838 0.446444 0.446444 0.446444
2791.503174 0.000000 1583.739624 0.000000 0.340611 0.000000 -0.940204 1.005264 1.005264 1.005264
2791.901855 0.000000 1588.626831 0.000000 0.999816 0.000000 0.019185 0.746287 0.746287 0.746287
2794.052734 0.000000 1592.790161 0.000000 0.985442 0.000000 0.170015 0.714444 0.714444 0.714444
2786.555664 0.000000 1592.373169 0.000000 0.751131 0.000000 -0.660153 0.896818 0.896818 0.896818
2795.894287 0.000000 1580.434692 0.000000 0.765912 0.000000 0.642945 0.606232 0.606232 0.606232
2788.633057 0.000000 1589.873413 0.000000 0.198904 0.000000 -0.980019 1.021380 1.021380 1.021380
2793.855225 0.000000 1582.303955 0.000000 0.996526 0.000000 -0.083277 0.766462 0.766462 0.766462
2788.373535 0.000000 1594.695679 0.000000 0.970790 0.000000 -0.239933 0.797976 0.797976 0.797976
2786.141846 0.000000 1589.215576 0.000000 0.519108 0.000000 -0.854709 0.954683 0.954683 0.954683
2793.570801 0.000000 1590.420410 0.000000 0.781576 0.000000 -0.623810 0.879596 0.879596 0.879596
2793.919678 0.000000 1588.167236 0.000000 0.422690 0.000000 0.906274 0.543862 0.543862 0.543862
2942.882812 0.000000 1911.648804 0.000000 0.902063 0.000000 0.431605 0.659880 0.659880 0.659880
2938.534912 0.000000 1904.129883 0.000000 0.859393 0.000000 -0.511316 0.854766 0.854766 0.854766
2937.639404 0.000000 1909.576050 0.000000 0.716314 0.000000 -0.697778 0.911162 0.911162 0.911162
2943.247070 0.000000 1906.093384 0.000000 0.788150 0.000000 0.615483 0.619094 0.619094 0.619094
2934.020752 0.000000 1905.932617 0.000000 0.967460 0.000000 0.253025 0.699492 0.699492 0.699492
2941.034912 0.000000 1908.778809 0.000000 0.127371 0.000000 -0.991855 1.038172 1.038172 1.038172
2941.405762 0.000000 1903.406738 0.000000 0.513105 0.000000 -0.858326 0.953184 0.953184 0.953184
2937.141846 0.000000 1906.708130 0.000000 0.786027 0.000000 0.618192 0.619537 0.619537 0.619537
2936.013428 0.000000 1902.564331 0.000000 0.831041 0.000000 0.556211 0.630230 0.630230 0.630230
2940.177002 0.000000 1906.225586 0.000000 0.401325 0.000000 0.915936 0.521391 0.521391 0.521391
2943.674072 0.000000 1910.089111 0.000000 0.103324 0.000000 0.994648 0.453697 0.453697 0.453697
2943.996094 0.000000 1904.076660 0.000000 0.503691 0.000000 -0.863884 0.958265 0.958265 0.958265
2858.135498 0.000000 2013.038818 0.000000 0.999945 0.000000 -0.010532 0.752050 0.752050 0.752050
2865.883545 0.000000 1998.942749 0.000000 0.776093 0.000000 -0.630618 0.883960 0.883960 0.883960
2854.065186 0.000000 2008.444458 0.000000 0.369079 0.000000 -0.929398 0.986179 0.986179 0.986179
2858.044922 0.000000 2008.688599 0.000000 0.015433 0.000000 0.999881 0.425427 0.425427 0.425427
2863.374756 0.000000 2001.860718 0.000000 0.665143 0.000000 -0.746716 0.915048 0.915048 0.915048
2861.852295 0.000000 2013.159546 0.000000 0.797502 0.000000 -0.603317 0.884789 0.884789 0.884789
2842.546631 0.000000 2032.098633 0.000000 0.433378 0.000000 -0.901212 0.970383 0.970383 0.970383
2839.085938 0.000000 2027.187866 0.000000 0.922068 0.000000 -0.387028 0.830698 0.830698 0.830698
2842.201904 0.000000 2028.609131 0.000000 0.103533 0.000000 0.994626 0.462804 0.462804 0.462804
3349.283936 0.000000 1753.478882 0.000000 0.854265 0.000000 0.519838 0.653119 0.653119 0.653119
3342.564453 0.000000 1738.472656 0.000000 0.722160 0.000000 -0.691727 0.898679 0.898679 0.898679
3346.097168 0.000000 1752.126099 0.000000 0.603921 0.000000 -0.797044 0.912950 0.912950 0.912950
3342.885498 0.000000 1741.692383 0.000000 0.856225 0.000000 -0.516603 0.853835 0.853835 0.853835
3348.286133 0.000000 1748.017944 0.000000 0.514629 0.000000 0.857413 0.557004 0.557004 0.557004
3347.674561 0.000000 1750.350952 0.000000 0.926285 0.000000 0.376824 0.675667 0.675667 0.675667
3349.330566 0.000000 1751.501221 0.000000 0.970652 0.000000 0.240488 0.709687 0.709687 0.709687
3347.410645 0.000000 1753.492920 0.000000 0.134043 0.000000 -0.990976 1.003748 1.003748 1.003748
3354.484131 0.000000 1776.161133 0.000000 0.591895 0.000000 0.806015 0.567023 0.567023 0.567023
3353.627686 0.000000 1769.740967 0.000000 0.737137 0.000000 -0.675743 0.884413 0.884413 0.884413
3352.099121 0.000000 1762.391968 0.000000 0.995773 0.000000 -0.091852 0.767748 0.767748 0.767748
3353.736572 0.000000 1765.226929 0.000000 0.258473 0.000000 0.966019 0.518687 0.518687 0.518687
3352.388184 0.000000 1790.670410 0.000000 0.933944 0.000000 0.357421 0.685224 0.685224 0.685224
3352.409668 0.000000 1764.078369 0.000000 0.980412 0.000000 0.196955 0.714977 0.714977 0.714977
3353.759766 0.000000 1768.082275 0.000000 0.469523 0.000000 0.882920 0.553981 0.553981 0.553981
3352.149658 0.000000 1765.718262 0.000000 0.380736 0.000000 -0.924684 0.958497 0.958497 0.958497
3217.840576 0.000000 1902.966187 0.000000 0.999988 0.000000 0.004963 0.748950 0.748950 0.748950
3223.039062 0.000000 1899.219116 0.000000 0.074038 0.000000 0.997255 0.475503 0.475503 0.475503
3217.763184 0.000000 1908.745850 0.000000 0.861052 0.000000 -0.508517 0.859525 0.859525 0.859525
3226.155029 0.000000 1900.640381 0.000000 0.997746 0.000000 -0.067099 0.761523 0.761523 0.761523
3218.112793 0.000000 1912.087036 0.000000 0.925223 0.000000 0.379423 0.683215 0.683215 0.683215
3218.695801 0.000000 1905.873779 0.000000 0.656721 0.000000 0.754134 0.587554 0.587554 0.587554
3221.468506 0.000000 1900.423218 0.000000 0.538659 0.000000 0.842524 0.575807 0.575807 0.575807
3219.426270 0.000000 1913.453857 0.000000 0.606290 0.000000 -0.795244 0.907777 0.907777 0.907777
3325.583496 0.000000 1867.890991 0.000000 0.922760 0.000000 0.385375 0.667665 0.667665 0.667665
3322.143311 0.000000 1868.648193 0.000000 0.981187 0.000000 -0.193058 0.786613 0.786613 0.786613
3325.358887 0.000000 1871.414551 0.000000 0.270814 0.000000 -0.962632 1.008913 1.008913 1.008913
3324.130127 0.000000 1874.233398 0.000000 0.370426 0.000000 0.928862 0.542214 0.542214 0.542214
3324.196777 0.000000 1869.567627 0.000000 0.989417 0.000000 0.145100 0.724276 0.724276 0.724276
3326.640869 0.000000 1869.729492 0.000000 0.375829 0.000000 0.926689 0.528580 0.528580 0.528580
3326.802734 0.000000 1866.398071 0.000000 0.856497 0.000000 -0.516152 0.845508 0.845508 0.845508
3325.702637 0.000000 1874.948364 0.000000 0.765971 0.000000 -0.642875 0.871785 0.871785 0.871785
3227.179199 0.000000 1927.212646 0.000000 0.925362 0.000000 -0.379085 0.825458 0.825458 0.825458
3218.435303 0.000000 1927.056885 0.000000 0.366032 0.000000 0.930602 0.502423 0.502423 0.502423
3214.580078 0.000000 1930.425781 0.000000 0.948970 0.000000 0.315366 0.688453 0.688453 0.688453
3220.050537 0.000000 1924.401001 0.000000 0.749569 0.000000 0.661926 0.605545 0.605545 0.605545
3227.862061 0.000000 1924.899414 0.000000 0.726455 0.000000 -0.687214 0.892785 0.892785 0.892785
3220.378418 0.000000 1926.478882 0.000000 0.982570 0.000000 -0.185892 0.785448 0.785448 0.785448
3223.575439 0.000000 1929.158936 0.000000 0.740425 0.000000 0.672138 0.619784 0.619784 0.619784
3232.356689 0.000000 1927.459473 0.000000 0.249275 0.000000 -0.968433 1.019294 1.019294 1.019294
3290.624512 0.000000 2013.378540 0.000000 0.900433 0.000000 0.434995 0.655581 0.655581 0.655581
3291.106445 0.000000 2014.859497 0.000000 0.988508 0.000000 0.151171 0.724470 0.724470 0.724470
3291.171387 0.000000 2023.189209 0.000000 0.934746 0.000000 -0.355317 0.801114 0.801114 0.801114
3286.829590 0.000000 2020.864990 0.000000 0.329947 0.000000 -0.943999 0.996530 0.996530 0.996530
3290.740723 0.000000 2018.963623 0.000000 0.411657 0.000000 -0.911339 0.980241 0.980241 0.980241
3290.432373 0.000000 2015.578003 0.000000 0.985957 0.000000 0.167002 0.721772 0.721772 0.721772
3290.147217 0.000000 2028.609131 0.000000 0.459750 0.000000 0.888048 0.557508 0.557508 0.557508
3287.970459 0.000000 2030.533081 0.000000 0.991515 0.000000 -0.129994 0.775373 0.775373 0.775373
3288.343262 0.000000 2023.230835 0.000000 0.364818 0.000000 0.931079 0.531074 0.531074 0.531074
3289.744385 0.000000 2021.164429 0.000000 0.552686 0.000000 -0.833390 0.943419 0.943419 0.943419
3291.854248 0.000000 2020.875977 0.000000 0.880144 0.000000 -0.474707 0.842939 0.842939 0.842939
3288.213867 0.000000 2028.669922 0.000000 0.979987 0.000000 0.199061 0.714372 0.714372 0.714372
3289.946289 0.000000 2030.342285 0.000000 0.848437 0.000000 -0.529297 0.839764 0.839764 0.839764
3291.563721 0.000000 2027.661987 0.000000 0.492627 0.000000 -0.870241 0.926419 0.926419 0.926419
3288.982178 0.000000 2031.682129 0.000000 0.768484 0.000000 -0.639869 0.861741 0.861741 0.861741
3290.476074 0.000000 2026.798340 0.000000 0.117217 0.000000 -0.993106 0.992866 0.992866 0.992866
3291.956055 0.000000 2022.113892 0.000000 0.886486 0.000000 -0.462755 0.817696 0.817696 0.817696
3358.832031 0.000000 1815.672241 0.000000 0.971597 0.000000 0.236641 0.704037 0.704037 0.704037
3350.821777 0.000000 1796.919678 0.000000 0.998930 0.000000 0.046241 0.740633 0.740633 0.740633
3354.424561 0.000000 1791.632690 0.000000 0.298599 0.000000 -0.954379 1.004549 1.004549 1.004549
3352.407959 0.000000 1791.738403 0.000000 0.839595 0.000000 0.543214 0.648228 0.648228 0.648228
3350.852051 0.000000 1795.451050 0.000000 0.899838 0.000000 0.436224 0.680651 0.680651 0.680651
3359.623291 0.000000 1814.112549 0.000000 0.870870 0.000000 0.491513 0.651145 0.651145 0.651145
3359.945312 0.000000 1808.100098 0.000000 0.573217 0.000000 0.819404 0.571708 0.571708 0.571708
3331.208496 0.000000 1868.796875 0.000000 0.927675 0.000000 -0.373389 0.828779 0.828779 0.828779
3347.196045 0.000000 1867.378052 0.000000 0.167045 0.000000 0.985949 0.471414 0.471414 0.471414
3327.674072 0.000000 1867.800171 0.000000 0.949759 0.000000 -0.312983 0.806058 0.806058 0.806058
3333.655273 0.000000 1866.533325 0.000000 0.279201 0.000000 -0.960233 1.005001 1.005001 1.005001
3338.119873 0.000000 1874.068481 0.000000 0.601461 0.000000 0.798902 0.587545 0.587545 0.587545
3330.859131 0.000000 1865.234741 0.000000 0.785151 0.000000 -0.619304 0.873612 0.873612 0.873612
3340.777588 0.000000 1874.265991 0.000000 0.036212 0.000000 -0.999344 1.056444 1.056444 1.056444
3347.572510 0.000000 1865.084351 0.000000 0.598061 0.000000 0.801451 0.580010 0.580010 0.580010
3328.707031 0.000000 1865.729492 0.000000 0.763679 0.000000 -0.645596 0.885808 0.885808 0.885808
3330.821289 0.000000 1870.748047 0.000000 0.404960 0.000000 -0.914334 0.968103 0.968103 0.968103
3338.359375 0.000000 1872.116821 0.000000 0.999679 0.000000 -0.025340 0.754833 0.754833 0.754833
3341.899414 0.000000 1872.549561 0.000000 0.012813 0.000000 0.999918 0.496643 0.496643 0.496643
3339.440186 0.000000 1875.324707 0.000000 0.907581 0.000000 0.419878 0.673937 0.673937 0.673937
3793.770264 0.000000 1934.958374 0.000000 0.886673 0.000000 -0.462396 0.838431 0.838431 0.838431
3790.509766 0.000000 1930.425781 0.000000 0.518665 0.000000 -0.854977 0.931744 0.931744 0.931744
3791.635742 0.000000 1927.683228 0.000000 0.626979 0.000000 -0.779036 0.909287 0.909287 0.909287
3792.770752 0.000000 1932.111816 0.000000 0.688888 0.000000 -0.724868 0.911464 0.911464 0.911464
3791.132812 0.000000 1931.892456 0.000000 0.762087 0.000000 0.647475 0.625187 0.625187 0.625187
3804.552979 0.000000 1982.679565 0.000000 0.705530 0.000000 -0.708680 0.906841 0.906841 0.906841
3806.032959 0.000000 1992.601074 0.000000 0.695365 0.000000 -0.718657 0.907875 0.907875 0.907875
3818.018311 0.000000 2013.038818 0.000000 0.571040 0.000000 0.820922 0.582034 0.582034 0.582034
3808.286377 0.000000 1991.443848 0.000000 0.750668 0.000000 0.660680 0.602228 0.602228 0.602228
3808.873535 0.000000 1997.847290 0.000000 0.839771 0.000000 0.542940 0.638936 0.638936 0.638936
3810.146484 0.000000 2000.707153 0.000000 0.469123 0.000000 0.883133 0.541130 0.541130 0.541130
3819.834717 0.000000 2012.275391 0.000000 0.157842 0.000000 -0.987464 0.996325 0.996325 0.996325
3809.251709 0.000000 1999.356689 0.000000 0.204595 0.000000 0.978847 0.514267 0.514267 0.514267
3822.505859 0.000000 2026.402344 0.000000 0.425484 0.000000 -0.904966 0.939054 0.939054 0.939054
3816.686768 0.000000 2016.605713 0.000000 0.951447 0.000000 0.307814 0.689802 0.689802 0.689802
3831.993408 0.000000 2040.253296 0.000000 0.154645 0.000000 0.987970 0.497545 0.497545 0.497545
3828.227539 0.000000 2035.947632 0.000000 0.335902 0.000000 -0.941897 0.964222 0.964222 0.964222
3832.329590 0.000000 2046.607910 0.000000 0.173167 0.000000 -0.984892 1.022644 1.022644 1.022644
3831.886230 0.000000 2038.337891 0.000000 0.901360 0.000000 -0.433071 0.829881 0.829881 0.829881
3828.153076 0.000000 2034.224487 0.000000 0.826396 0.000000 -0.563090 0.854321 0.854321 0.854321
3823.128906 0.000000 2027.869019 0.000000 0.766248 0.000000 0.642545 0.633386 0.633386 0.633386
3829.707275 0.000000 2035.500977 0.000000 0.899779 0.000000 0.436345 0.671246 0.671246 0.671246
2814.898438 0.000000 2103.601807 0.000000 0.065049 0.000000 0.997882 0.434944 0.434944 0.434944
2810.550537 0.000000 2096.083008 0.000000 0.980180 0.000000 0.198111 0.709055 0.709055 0.709055
2815.262695 0.000000 2098.046631 0.000000 0.996812 0.000000 -0.079789 0.766444 0.766444 0.766444
2813.050537 0.000000 2100.731934 0.000000 0.981369 0.000000 -0.192134 0.789259 0.789259 0.789259
2813.421387 0.000000 2095.359863 0.000000 0.385126 0.000000 0.922864 0.519233 0.519233 0.519233
2812.192627 0.000000 2098.178711 0.000000 0.580570 0.000000 -0.814210 0.936240 0.936240 0.936240
2814.898438 0.000000 2135.593994 0.000000 0.921760 0.000000 0.387761 0.666456 0.666456 0.666456
2810.550537 0.000000 2128.075195 0.000000 0.963489 0.000000 0.267749 0.696177 0.696177 0.696177
2809.655029 0.000000 2133.521240 0.000000 0.956831 0.000000 0.290644 0.691276 0.691276 0.691276
2806.036377 0.000000 2129.877930 0.000000 0.484398 0.000000 0.874848 0.536705 0.536705 0.536705
2811.218262 0.000000 2137.218018 0.000000 0.826685 0.000000 -0.562665 0.867659 0.867659 0.867659
2813.050537 0.000000 2132.724121 0.000000 0.161215 0.000000 -0.986919 1.029759 1.029759 1.029759
2806.336670 0.000000 2133.704834 0.000000 0.380624 0.000000 0.924730 0.518276 0.518276 0.518276
2808.118408 0.000000 2136.229736 0.000000 0.593286 0.000000 -0.804992 0.941050 0.941050 0.941050
2809.157471 0.000000 2130.653320 0.000000 0.982347 0.000000 -0.187067 0.787366 0.787366 0.787366
2808.029053 0.000000 2126.509521 0.000000 0.997415 0.000000 0.071849 0.735801 0.735801 0.735801
2812.192627 0.000000 2130.170898 0.000000 0.259969 0.000000 -0.965617 1.012629 1.012629 1.012629
2812.321289 0.000000 2135.041260 0.000000 0.974617 0.000000 0.223877 0.705165 0.705165 0.705165
2811.083252 0.000000 2131.959961 0.000000 0.708898 0.000000 -0.705311 0.901934 0.901934 0.901934
2826.139404 0.000000 2077.023193 0.000000 0.941928 0.000000 -0.335815 0.819928 0.819928 0.819928
2830.085205 0.000000 2047.710571 0.000000 0.604442 0.000000 0.796650 0.555582 0.555582 0.555582
2827.868408 0.000000 2069.098145 0.000000 0.355777 0.000000 0.934571 0.501503 0.501503 0.501503
2834.482178 0.000000 2055.025635 0.000000 0.007000 0.000000 0.999976 0.429816 0.429816 0.429816
2831.482422 0.000000 2074.020752 0.000000 0.910007 0.000000 -0.414592 0.840650 0.840650 0.840650
2834.101807 0.000000 2050.257812 0.000000 0.598905 0.000000 0.800820 0.569248 0.569248 0.569248
2826.048828 0.000000 2072.673096 0.000000 0.258998 0.000000 0.965878 0.490110 0.490110 0.490110
2829.856201 0.000000 2077.143799 0.000000 0.955244 0.000000 0.295819 0.689692 0.689692 0.689692
2828.524414 0.000000 2050.556885 0.000000 0.889400 0.000000 0.457129 0.653593 0.653593 0.653593
2828.570312 0.000000 2074.280762 0.000000 0.534307 0.000000 0.845290 0.546059 0.546059 0.546059
2831.434570 0.000000 2050.324951 0.000000 0.998986 0.000000 -0.045029 0.758944 0.758944 0.758944
2830.085205 0.000000 2079.702637 0.000000 0.585550 0.000000 0.810636 0.550624 0.550624 0.550624
2826.047363 0.000000 2084.637695 0.000000 0.198095 0.000000 -0.980183 1.029247 1.029247 1.029247
2819.270996 0.000000 2092.742188 0.000000 0.797867 0.000000 -0.602834 0.881391 0.881391 0.881391
2821.671143 0.000000 2087.041504 0.000000 0.906070 0.000000 0.423127 0.658093 0.658093 0.658093
2815.689697 0.000000 2102.042236 0.000000 0.150462 0.000000 -0.988616 1.047073 1.047073 1.047073
2830.690186 0.000000 2084.920898 0.000000 0.267122 0.000000 -0.963663 1.022827 1.022827 1.022827
2821.717773 0.000000 2090.478760 0.000000 0.997355 0.000000 0.072684 0.735514 0.735514 0.735514
2828.524414 0.000000 2082.549072 0.000000 0.626958 0.000000 -0.779053 0.929360 0.929360 0.929360
2816.994629 0.000000 2093.823975 0.000000 0.233983 0.000000 -0.972241 1.012016 1.012016 1.012016
2828.273926 0.000000 2085.505615 0.000000 0.043242 0.000000 -0.999065 1.052464 1.052464 1.052464
2815.689697 0.000000 2134.034424 0.000000 0.659037 0.000000 -0.752111 0.928597 0.928597 0.928597
3294.210205 0.000000 2048.500488 0.000000 0.476568 0.000000 -0.879138 0.959653 0.959653 0.959653
3294.095459 0.000000 2056.585449 0.000000 0.535041 0.000000 0.844826 0.546800 0.546800 0.546800
3294.865967 0.000000 2051.035645 0.000000 0.376460 0.000000 -0.926433 0.953989 0.953989 0.953989
3294.753662 0.000000 2055.133301 0.000000 0.992858 0.000000 0.119301 0.729747 0.729747 0.729747
3295.677979 0.000000 2059.753174 0.000000 0.512268 0.000000 0.858826 0.537340 0.537340 0.537340
3296.936035 0.000000 2061.831787 0.000000 0.770741 0.000000 -0.637149 0.876693 0.876693 0.876693
3296.710938 0.000000 2057.682617 0.000000 0.138998 0.000000 0.990293 0.468191 0.468191 0.468191
3295.625244 0.000000 2051.854736 0.000000 0.999523 0.000000 -0.030885 0.755318 0.755318 0.755318
3326.835938 0.000000 2103.601807 0.000000 0.836363 0.000000 -0.548176 0.850867 0.850867 0.850867
3313.751465 0.000000 2100.698975 0.000000 0.838393 0.000000 -0.545067 0.857345 0.857345 0.857345
3311.320068 0.000000 2097.837402 0.000000 0.988893 0.000000 -0.148631 0.779204 0.779204 0.779204
3310.251221 0.000000 2100.186035 0.000000 0.478834 0.000000 -0.877905 0.951927 0.951927 0.951927
3317.082031 0.000000 2090.482422 0.000000 0.080091 0.000000 0.996788 0.459870 0.459870 0.459870
3309.903320 0.000000 2096.494873 0.000000 0.983688 0.000000 0.179884 0.717743 0.717743 0.717743
3312.198730 0.000000 2099.517822 0.000000 0.451229 0.000000 0.892408 0.540338 0.540338 0.540338
3317.456787 0.000000 2092.376221 0.000000 0.723630 0.000000 0.690188 0.609865 0.609865 0.609865
3310.120850 0.000000 2098.705322 0.000000 0.051466 0.000000 -0.998675 0.938181 0.938181 0.938181
3311.093750 0.000000 2099.277832 0.000000 0.840185 0.000000 -0.542299 0.820993 0.820993 0.820993
3327.627197 0.000000 2102.042236 0.000000 0.419872 0.000000 0.907583 0.552243 0.552243 0.552243
3349.969971 0.000000 2097.885742 0.000000 0.068627 0.000000 0.997642 0.473664 0.473664 0.473664
3332.853516 0.000000 2109.306641 0.000000 0.781415 0.000000 0.624012 0.626790 0.626790 0.626790
3329.328369 0.000000 2111.040771 0.000000 0.881201 0.000000 0.472742 0.649735 0.649735 0.649735
3349.200684 0.000000 2094.321289 0.000000 0.553896 0.000000 0.832586 0.562945 0.562945 0.562945
3354.139404 0.000000 2092.593506 0.000000 0.999209 0.000000 0.039773 0.741765 0.741765 0.741765
3346.680176 0.000000 2097.826904 0.000000 0.717066 0.000000 0.697005 0.595128 0.595128 0.595128
3351.962646 0.000000 2094.517334 0.000000 0.257922 0.000000 0.966166 0.542868 0.542868 0.542868
3337.788818 0.000000 2094.178955 0.000000 0.745349 0.000000 -0.666674 0.892444 0.892444 0.892444
3348.286133 0.000000 2099.932129 0.000000 0.384482 0.000000 0.923132 0.535612 0.535612 0.535612
3330.205078 0.000000 2096.683594 0.000000 0.964964 0.000000 0.262384 0.702054 0.702054 0.702054
3330.583008 0.000000 2108.651855 0.000000 0.997758 0.000000 -0.066929 0.761645 0.761645 0.761645
3348.243652 0.000000 2096.296143 0.000000 0.965491 0.000000 -0.260437 0.798470 0.798470 0.798470
3331.547852 0.000000 2110.780518 0.000000 0.955622 0.000000 0.294596 0.703555 0.703555 0.703555
3349.452881 0.000000 2092.376221 0.000000 0.989149 0.000000 0.146915 0.726850 0.726850 0.726850
3353.938477 0.000000 2094.326660 0.000000 0.691228 0.000000 0.722637 0.644526 0.644526 0.644526
3352.974365 0.000000 2095.666504 0.000000 0.999610 0.000000 0.027922 0.746353 0.746353 0.746353
3330.357666 0.000000 2110.026123 0.000000 0.999526 0.000000 -0.030785 0.754782 0.754782 0.754782
3348.103271 0.000000 2092.344482 0.000000 0.402656 0.000000 -0.915351 0.931554 0.931554 0.931554
3350.632568 0.000000 2094.770996 0.000000 0.368043 0.000000 0.929809 0.561216 0.561216 0.561216
3369.980957 0.000000 2084.637695 0.000000 0.690625 0.000000 -0.723213 0.870569 0.870569 0.870569
3365.604736 0.000000 2087.041504 0.000000 0.168690 0.000000 -0.985669 0.973941 0.973941 0.973941
3365.651367 0.000000 2090.478760 0.000000 0.415358 0.000000 -0.909658 0.986483 0.986483 0.986483
3366.846191 0.000000 2083.488281 0.000000 0.976882 0.000000 0.213780 0.708793 0.708793 0.708793
3362.855225 0.000000 2089.180176 0.000000 0.056436 0.000000 0.998406 0.472268 0.472268 0.472268
3368.533447 0.000000 2087.080078 0.000000 0.968749 0.000000 0.248041 0.706281 0.706281 0.706281
3372.207520 0.000000 2085.505615 0.000000 0.988228 0.000000 0.152988 0.724419 0.724419 0.724419
3367.441895 0.000000 2089.074707 0.000000 0.181729 0.000000 -0.983349 0.997555 0.997555 0.997555
3373.574951 0.000000 2087.220459 0.000000 0.992065 0.000000 0.125728 0.726880 0.726880 0.726880
3367.211670 0.000000 2085.551270 0.000000 0.885128 0.000000 0.465348 0.662859 0.662859 0.662859
3362.040527 0.000000 2091.135254 0.000000 0.261891 0.000000 -0.965097 1.001226 1.001226 1.001226
3365.314697 0.000000 2084.918701 0.000000 0.976678 0.000000 -0.214709 0.790295 0.790295 0.790295
3364.783447 0.000000 2088.711914 0.000000 0.267073 0.000000 -0.963676 0.973895 0.973895 0.973895
3368.592041 0.000000 2083.428711 0.000000 0.973048 0.000000 -0.230604 0.789540 0.789540 0.789540
3367.051758 0.000000 2087.600342 0.000000 0.144446 0.000000 -0.989513 0.996286 0.996286 0.996286
3372.670898 0.000000 2084.103760 0.000000 0.977619 0.000000 0.210382 0.714697 0.714697 0.714697
3368.550537 0.000000 2084.991699 0.000000 0.999812 0.000000 0.019394 0.747108 0.747108 0.747108
3364.336914 0.000000 2086.649658 0.000000 0.276556 0.000000 0.960998 0.543751 0.543751 0.543751
3332.735596 0.000000 2111.764160 0.000000 0.500396 0.000000 -0.865797 0.954911 0.954911 0.954911
3329.694092 0.000000 2111.537354 0.000000 0.007135 0.000000 0.999975 0.431600 0.431600 0.431600
3330.835938 0.000000 2113.626709 0.000000 0.950461 0.000000 -0.310844 0.812586 0.812586 0.812586
3332.732422 0.000000 2114.240967 0.000000 0.233290 0.000000 -0.972407 1.004656 1.004656 1.004656
3331.177979 0.000000 2111.971924 0.000000 0.448160 0.000000 0.893954 0.578206 0.578206 0.578206
3834.365967 0.000000 2047.570190 0.000000 0.502458 0.000000 -0.864602 0.941538 0.941538 0.941538
3835.625000 0.000000 2049.180420 0.000000 0.956056 0.000000 0.293184 0.693422 0.693422 0.693422
3962.542480 0.000000 2173.339355 0.000000 0.580826 0.000000 -0.814028 0.949534 0.949534 0.949534
3964.533447 0.000000 2174.632812 0.000000 0.951990 0.000000 0.306128 0.691891 0.691891 0.691891
3962.658691 0.000000 2178.924561 0.000000 0.985999 0.000000 0.166749 0.714945 0.714945 0.714945
3962.350342 0.000000 2175.538818 0.000000 0.001702 0.000000 0.999999 0.434019 0.434019 0.434019
3965.167725 0.000000 2178.494629 0.000000 0.455793 0.000000 -0.890086 0.941426 0.941426 0.941426
3964.498779 0.000000 2175.481445 0.000000 0.916904 0.000000 -0.399108 0.826679 0.826679 0.826679
3970.781006 0.000000 2185.156738 0.000000 0.934495 0.000000 0.355976 0.679978 0.679978 0.679978
3975.367676 0.000000 2185.051270 0.000000 0.515794 0.000000 0.856713 0.569395 0.569395 0.569395
3972.709229 0.000000 2184.688477 0.000000 0.641716 0.000000 -0.766943 0.911778 0.911778 0.911778
4849.641602 0.000000 207.380234 0.000000 0.872125 0.000000 0.489284 0.647616 0.647616 0.647616
4853.017578 0.000000 206.782211 0.000000 0.498840 0.000000 -0.866694 0.891062 0.891062 0.891062
4860.800781 0.000000 213.192841 0.000000 0.993430 0.000000 0.114441 0.740755 0.740755 0.740755
4856.907715 0.000000 211.122192 0.000000 0.974927 0.000000 0.222527 0.732794 0.732794 0.732794
4855.779297 0.000000 206.978363 0.000000 0.196115 0.000000 0.980581 0.480371 0.480371 0.480371
4848.642090 0.000000 204.533646 0.000000 0.973093 0.000000 0.230413 0.703963 0.703963 0.703963
4855.797363 0.000000 209.241074 0.000000 0.086056 0.000000 -0.996290 0.871340 0.871340 0.871340
4852.060547 0.000000 208.757004 0.000000 0.890225 0.000000 0.455520 0.716127 0.716127 0.716127
4851.060547 0.000000 205.875519 0.000000 0.573870 0.000000 -0.818947 0.899037 0.899037 0.899037
4853.960449 0.000000 208.463089 0.000000 0.952798 0.000000 0.303606 0.727907 0.727907 0.727907
4851.291504 0.000000 207.408524 0.000000 0.997775 0.000000 0.066677 0.739599 0.739599 0.739599
4855.315430 0.000000 210.675659 0.000000 0.304680 0.000000 -0.952455 0.906211 0.906211 0.906211
4851.919922 0.000000 204.805405 0.000000 0.647327 0.000000 -0.762212 0.884616 0.884616 0.884616
4860.102051 0.000000 212.073090 0.000000 0.525939 0.000000 -0.850522 0.831976 0.831976 0.831976
4855.364258 0.000000 208.090103 0.000000 0.848270 0.000000 -0.529563 0.795613 0.795613 0.795613
4853.056152 0.000000 209.362411 0.000000 0.762458 0.000000 -0.647037 0.800398 0.800398 0.800398
4854.612305 0.000000 209.529343 0.000000 0.932468 0.000000 0.361253 0.719791 0.719791 0.719791
4852.909180 0.000000 207.954849 0.000000 0.026680 0.000000 0.999644 0.542266 0.542266 0.542266
4861.914062 0.000000 213.303253 0.000000 0.960151 0.000000 -0.279482 0.772832 0.772832 0.772832
4855.898438 0.000000 211.603409 0.000000 0.820916 0.000000 0.571049 0.674720 0.674720 0.674720
4854.464844 0.000000 211.301559 0.000000 0.950615 0.000000 0.310373 0.710912 0.710912 0.710912
4856.270020 0.000000 210.277023 0.000000 0.893830 0.000000 -0.448406 0.785653 0.785653 0.785653
4861.396484 0.000000 212.375458 0.000000 0.574350 0.000000 -0.818610 0.827301 0.827301 0.827301
4857.916504 0.000000 211.130966 0.000000 0.535203 0.000000 -0.844723 0.827139 0.827139 0.827139
4852.167969 0.000000 209.769302 0.000000 0.769996 0.000000 0.638049 0.700442 0.700442 0.700442
4856.682617 0.000000 211.957474 0.000000 0.001356 0.000000 0.999999 0.629663 0.629663 0.629663
4857.526367 0.000000 210.398560 0.000000 0.120769 0.000000 0.992681 0.638842 0.638842 0.638842
4854.829590 0.000000 208.739960 0.000000 0.999740 0.000000 0.022780 0.748138 0.748138 0.748138
4873.889648 0.000000 221.476257 0.000000 0.855932 0.000000 0.517088 0.657962 0.657962 0.657962
4864.530273 0.000000 219.894348 0.000000 0.925319 0.000000 0.379188 0.676924 0.676924 0.676924
4869.819336 0.000000 216.881989 0.000000 0.758468 0.000000 0.651711 0.640548 0.640548 0.640548
4868.666016 0.000000 221.767654 0.000000 0.175088 0.000000 -0.984553 1.031666 1.031666 1.031666
4873.799316 0.000000 217.126160 0.000000 0.577787 0.000000 0.816187 0.555583 0.555583 0.555583
4877.606445 0.000000 221.597046 0.000000 0.693581 0.000000 -0.720378 0.898875 0.898875 0.898875
4866.301758 0.000000 216.709045 0.000000 0.895069 0.000000 0.445928 0.716897 0.716897 0.716897
4871.319824 0.000000 219.515625 0.000000 0.315242 0.000000 -0.949011 0.982780 0.982780 0.982780
4868.379395 0.000000 214.209351 0.000000 0.203309 0.000000 0.979115 0.575428 0.575428 0.575428
4871.340820 0.000000 222.771210 0.000000 0.281612 0.000000 -0.959528 0.982844 0.982844 0.982844
4868.120117 0.000000 219.031647 0.000000 0.441926 0.000000 0.897052 0.614638 0.614638 0.614638
4879.851074 0.000000 222.740646 0.000000 0.561108 0.000000 -0.827742 0.840100 0.840100 0.840100
4874.163086 0.000000 219.267303 0.000000 0.994688 0.000000 0.102940 0.740471 0.740471 0.740471
4879.759277 0.000000 220.596588 0.000000 0.771723 0.000000 0.635959 0.622428 0.622428 0.622428
4875.706055 0.000000 220.712921 0.000000 0.986517 0.000000 0.163659 0.723820 0.723820 0.723820
4873.197754 0.000000 223.326385 0.000000 0.762852 0.000000 -0.646573 0.818917 0.818917 0.818917
4870.467773 0.000000 221.151138 0.000000 0.838576 0.000000 -0.544784 0.797411 0.797411 0.797411
4865.137695 0.000000 215.298035 0.000000 0.853152 0.000000 -0.521662 0.800711 0.800711 0.800711
4868.038086 0.000000 216.149139 0.000000 0.681468 0.000000 -0.731848 0.876597 0.876597 0.876597
4872.257812 0.000000 221.000275 0.000000 0.961506 0.000000 -0.274785 0.797144 0.797144 0.797144
4869.769043 0.000000 218.680191 0.000000 0.311422 0.000000 -0.950272 0.902516 0.902516 0.902516
4866.870117 0.000000 214.882538 0.000000 0.063622 0.000000 0.997974 0.642060 0.642060 0.642060
4877.958008 0.000000 223.182755 0.000000 0.391477 0.000000 -0.920188 0.950532 0.950532 0.950532
4872.742676 0.000000 218.697372 0.000000 0.970277 0.000000 -0.241996 0.779176 0.779176 0.779176
4869.507812 0.000000 215.282883 0.000000 0.893336 0.000000 -0.449390 0.809562 0.809562 0.809562
4868.483398 0.000000 217.576019 0.000000 0.966842 0.000000 -0.255376 0.789818 0.789818 0.789818
4867.127930 0.000000 217.876816 0.000000 0.455634 0.000000 -0.890167 0.828618 0.828618 0.828618
4879.138184 0.000000 223.869919 0.000000 0.531001 0.000000 -0.847371 0.843421 0.843421 0.843421
4864.683105 0.000000 214.058762 0.000000 0.126042 0.000000 -0.992025 0.883469 0.883469 0.883469
4872.585449 0.000000 222.216995 0.000000 0.878096 0.000000 -0.478484 0.798905 0.798905 0.798905
4866.908691 0.000000 219.756256 0.000000 0.079395 0.000000 0.996843 0.571149 0.571149 0.571149
4875.330078 0.000000 219.538864 0.000000 0.975210 0.000000 0.221281 0.729382 0.729382 0.729382
4874.391113 0.000000 218.142120 0.000000 0.376556 0.000000 -0.926394 0.859472 0.859472 0.859472
4872.372070 0.000000 219.832123 0.000000 0.918399 0.000000 -0.395656 0.798556 0.798556 0.798556
4872.155273 0.000000 223.898224 0.000000 0.952425 0.000000 0.304772 0.719643 0.719643 0.719643
4866.104980 0.000000 215.687607 0.000000 0.447992 0.000000 -0.894038 0.829231 0.829231 0.829231
4871.260742 0.000000 220.524170 0.000000 0.998985 0.000000 -0.045044 0.753708 0.753708 0.753708
4871.365234 0.000000 221.734985 0.000000 0.189767 0.000000 -0.981829 0.863553 0.863553 0.863553
4868.016113 0.000000 215.155380 0.000000 0.971658 0.000000 0.236392 0.719502 0.719502 0.719502
4865.939453 0.000000 214.548111 0.000000 0.629335 0.000000 -0.777134 0.832248 0.832248 0.832248
4867.079102 0.000000 215.903595 0.000000 0.890222 0.000000 -0.455527 0.783874 0.783874 0.783874
4878.867188 0.000000 222.769333 0.000000 0.929044 0.000000 0.369969 0.714981 0.714981 0.714981
4875.278320 0.000000 218.589539 0.000000 0.097192 0.000000 -0.995266 0.886152 0.886152 0.886152
4867.291016 0.000000 216.851486 0.000000 0.978945 0.000000 -0.204122 0.764723 0.764723 0.764723
4864.260742 0.000000 214.963089 0.000000 0.944712 0.000000 0.327901 0.719130 0.719130 0.719130
4873.604980 0.000000 222.337204 0.000000 0.455760 0.000000 0.890103 0.642415 0.642415 0.642415
4872.203125 0.000000 223.011108 0.000000 0.625638 0.000000 0.780114 0.662286 0.662286 0.662286
4878.162598 0.000000 222.260391 0.000000 0.058172 0.000000 -0.998307 0.889769 0.889769 0.889769
4882.232422 0.000000 231.470947 0.000000 0.904158 0.000000 0.427198 0.662849 0.662849 0.662849
4886.634277 0.000000 229.302536 0.000000 0.584177 0.000000 -0.811626 0.929520 0.929520 0.929520
4881.852051 0.000000 226.703079 0.000000 0.855409 0.000000 0.517953 0.702137 0.702137 0.702137
4885.510254 0.000000 232.534622 0.000000 0.559765 0.000000 0.828652 0.573066 0.573066 0.573066
4880.935547 0.000000 224.025238 0.000000 0.301507 0.000000 -0.953464 1.006778 1.006778 1.006778
4883.847656 0.000000 228.815048 0.000000 0.752496 0.000000 -0.658597 0.804318 0.804318 0.804318
4888.148438 0.000000 231.668381 0.000000 1.000000 0.000000 -0.000306 0.750041 0.750041 0.750041
4881.126953 0.000000 229.182892 0.000000 0.408054 0.000000 -0.912958 0.854369 0.854369 0.854369
4884.175293 0.000000 230.892975 0.000000 0.892271 0.000000 -0.451501 0.793286 0.793286 0.793286
4894.611816 0.000000 234.796524 0.000000 0.854251 0.000000 -0.519861 0.819248 0.819248 0.819248
4871.026367 0.000000 223.968079 0.000000 0.105892 0.000000 0.994378 0.484660 0.484660 0.484660
4883.760742 0.000000 226.688614 0.000000 0.956695 0.000000 -0.291092 0.796207 0.796207 0.796207
4879.361816 0.000000 225.021225 0.000000 0.590402 0.000000 0.807109 0.585127 0.585127 0.585127
4886.461914 0.000000 231.035538 0.000000 0.870648 0.000000 0.491906 0.713168 0.713168 0.713168
4889.572754 0.000000 232.457291 0.000000 0.071458 0.000000 -0.997444 0.857378 0.857378 0.857378
4880.548340 0.000000 227.699631 0.000000 0.962396 0.000000 -0.271650 0.774185 0.774185 0.774185
4887.962402 0.000000 230.093216 0.000000 0.250604 0.000000 -0.968090 0.844358 0.844358 0.844358
4882.655762 0.000000 229.838348 0.000000 0.999991 0.000000 -0.004306 0.750325 0.750325 0.750325
4882.425781 0.000000 228.215057 0.000000 0.844952 0.000000 0.534842 0.707365 0.707365 0.707365
4885.131836 0.000000 229.576385 0.000000 0.949614 0.000000 0.313422 0.699591 0.699591 0.699591
4889.713379 0.000000 230.957199 0.000000 0.931816 0.000000 0.362930 0.700450 0.700450 0.700450
4886.831543 0.000000 232.322388 0.000000 0.661196 0.000000 -0.750213 0.863182 0.863182 0.863182
4885.094238 0.000000 228.235291 0.000000 0.594689 0.000000 0.803956 0.602324 0.602324 0.602324
4888.566406 0.000000 233.187317 0.000000 0.998797 0.000000 -0.049042 0.753514 0.753514 0.753514
4885.365234 0.000000 231.370789 0.000000 0.784215 0.000000 0.620489 0.688148 0.688148 0.688148
4883.687500 0.000000 229.860199 0.000000 0.617460 0.000000 -0.786602 0.818396 0.818396 0.818396
4886.023438 0.000000 230.120438 0.000000 0.871629 0.000000 0.490167 0.713311 0.713311 0.713311
4886.402344 0.000000 233.257874 0.000000 0.500238 0.000000 0.865888 0.610331 0.610331 0.610331
4887.452148 0.000000 230.951721 0.000000 0.393451 0.000000 0.919346 0.666462 0.666462 0.666462
4881.424316 0.000000 228.237610 0.000000 0.973269 0.000000 -0.229666 0.771023 0.771023 0.771023
4880.905273 0.000000 226.798843 0.000000 0.135160 0.000000 -0.990824 0.876170 0.876170 0.876170
4878.247070 0.000000 226.929794 0.000000 0.999034 0.000000 -0.043946 0.754260 0.754260 0.754260
4882.050781 0.000000 229.068604 0.000000 0.713570 0.000000 0.700584 0.691356 0.691356 0.691356
4884.543945 0.000000 231.739395 0.000000 0.999220 0.000000 0.039483 0.746351 0.746351 0.746351
4885.205078 0.000000 230.487411 0.000000 0.330792 0.000000 0.943704 0.636006 0.636006 0.636006
4882.947266 0.000000 228.968735 0.000000 0.621254 0.000000 0.783609 0.681969 0.681969 0.681969
4886.968262 0.000000 230.146179 0.000000 0.309383 0.000000 -0.950937 0.839972 0.839972 0.839972
4889.898926 0.000000 233.340485 0.000000 0.283289 0.000000 -0.959035 0.841929 0.841929 0.841929
4880.041992 0.000000 226.950516 0.000000 0.595904 0.000000 0.803055 0.668033 0.668033 0.668033
4880.645508 0.000000 229.894638 0.000000 0.638833 0.000000 -0.769346 0.829634 0.829634 0.829634
4880.391113 0.000000 228.523636 0.000000 0.883748 0.000000 0.467963 0.705822 0.705822 0.705822
4881.819824 0.000000 229.862076 0.000000 0.990861 0.000000 -0.134885 0.762274 0.762274 0.762274
4886.104004 0.000000 231.901642 0.000000 0.840392 0.000000 0.541979 0.708977 0.708977 0.708977
4905.885742 0.000000 253.468445 0.000000 0.943854 0.000000 0.330364 0.713593 0.713593 0.713593
4899.490234 0.000000 243.330109 0.000000 0.966348 0.000000 -0.257238 0.799761 0.799761 0.799761
4903.644531 0.000000 244.954956 0.000000 0.441142 0.000000 -0.897437 0.924888 0.924888 0.924888
4905.795410 0.000000 249.118347 0.000000 0.861568 0.000000 0.507643 0.711866 0.711866 0.711866
4909.602539 0.000000 253.589233 0.000000 0.680095 0.000000 0.733124 0.662867 0.662867 0.662867
4903.315918 0.000000 251.507812 0.000000 0.573228 0.000000 -0.819396 0.901856 0.901856 0.901856
4908.316895 0.000000 250.726120 0.000000 0.514737 0.000000 0.857348 0.676225 0.676225 0.676225
4908.310547 0.000000 248.074677 0.000000 0.456742 0.000000 0.889599 0.559375 0.559375 0.559375
4911.847168 0.000000 254.732834 0.000000 0.999693 0.000000 0.024791 0.746595 0.746595 0.746595
4905.313477 0.000000 246.748520 0.000000 0.368382 0.000000 0.929675 0.541160 0.541160 0.541160
4896.740723 0.000000 238.276993 0.000000 0.944706 0.000000 -0.327920 0.808084 0.808084 0.808084
4898.014160 0.000000 241.136810 0.000000 0.867779 0.000000 -0.496950 0.791046 0.791046 0.791046
4907.647949 0.000000 255.180420 0.000000 0.831684 0.000000 0.555250 0.684032 0.684032 0.684032
4906.159180 0.000000 251.259491 0.000000 0.636311 0.000000 -0.771433 0.813103 0.813103 0.813103
4903.064941 0.000000 247.063934 0.000000 0.072533 0.000000 0.997366 0.499632 0.499632 0.499632
4911.755371 0.000000 252.588776 0.000000 0.791107 0.000000 -0.611677 0.862948 0.862948 0.862948
4905.662109 0.000000 244.495422 0.000000 0.666712 0.000000 0.745315 0.586781 0.586781 0.586781
4903.794434 0.000000 249.502731 0.000000 0.500914 0.000000 0.865497 0.574001 0.574001 0.574001
4901.157227 0.000000 244.384552 0.000000 0.941879 0.000000 0.335953 0.708718 0.708718 0.708718
4898.630371 0.000000 239.146423 0.000000 0.601065 0.000000 0.799200 0.574454 0.574454 0.574454
4907.702148 0.000000 252.705109 0.000000 0.578732 0.000000 0.815517 0.642598 0.642598 0.642598
4909.966309 0.000000 248.985764 0.000000 0.928881 0.000000 -0.370378 0.815963 0.815963 0.815963
4909.821777 0.000000 251.675064 0.000000 0.717381 0.000000 -0.696681 0.805202 0.805202 0.805202
4904.253906 0.000000 252.992462 0.000000 0.303712 0.000000 -0.952764 0.886485 0.886485 0.886485
4900.519043 0.000000 242.056595 0.000000 0.310568 0.000000 -0.950551 0.856802 0.856802 0.856802
4909.954102 0.000000 255.174942 0.000000 0.045641 0.000000 -0.998958 0.979169 0.979169 0.979169
4902.162109 0.000000 245.698410 0.000000 0.262617 0.000000 0.964900 0.545103 0.545103 0.545103
4907.364746 0.000000 249.464371 0.000000 0.540858 0.000000 -0.841114 0.823256 0.823256 0.823256
4904.551270 0.000000 248.139206 0.000000 0.941047 0.000000 -0.338277 0.774715 0.774715 0.774715
4897.119141 0.000000 239.786392 0.000000 0.537968 0.000000 0.842965 0.575665 0.575665 0.575665
4904.738770 0.000000 250.689560 0.000000 0.112338 0.000000 0.993670 0.645563 0.645563 0.645563
4896.766602 0.000000 241.882416 0.000000 0.170115 0.000000 0.985424 0.535726 0.535726 0.535726
4899.187500 0.000000 241.840866 0.000000 0.390716 0.000000 -0.920511 0.842291 0.842291 0.842291
4908.313477 0.000000 253.948776 0.000000 0.802251 0.000000 -0.596987 0.817739 0.817739 0.817739
4911.134277 0.000000 255.862106 0.000000 0.545588 0.000000 0.838054 0.613523 0.613523 0.613523
4906.396484 0.000000 254.697296 0.000000 0.727424 0.000000 -0.686188 0.834747 0.834747 0.834747
4905.368164 0.000000 252.282242 0.000000 0.585575 0.000000 0.810618 0.647793 0.647793 0.647793
4909.911621 0.000000 250.382858 0.000000 0.798228 0.000000 0.602355 0.703702 0.703702 0.703702
4895.451172 0.000000 234.906357 0.000000 0.648943 0.000000 0.760837 0.640482 0.640482 0.640482
4904.581543 0.000000 254.209183 0.000000 0.977328 0.000000 0.211729 0.722257 0.722257 0.722257
4898.942383 0.000000 240.343445 0.000000 0.177669 0.000000 0.984090 0.640126 0.640126 0.640126
4908.886230 0.000000 252.472565 0.000000 0.882141 0.000000 -0.470986 0.801927 0.801927 0.801927
4900.958008 0.000000 243.208527 0.000000 0.458605 0.000000 0.888640 0.656868 0.656868 0.656868
4908.655273 0.000000 255.880524 0.000000 0.934618 0.000000 -0.355654 0.804637 0.804637 0.804637
4907.326172 0.000000 251.531052 0.000000 0.227470 0.000000 0.973785 0.653935 0.653935 0.653935
4907.161621 0.000000 253.743103 0.000000 0.642054 0.000000 0.766660 0.651608 0.651608 0.651608
4906.552246 0.000000 252.460999 0.000000 0.350125 0.000000 0.936703 0.613375 0.613375 0.613375
4906.387207 0.000000 250.134308 0.000000 0.798198 0.000000 -0.602395 0.796302 0.796302 0.796302
4904.368164 0.000000 251.824310 0.000000 0.882954 0.000000 0.469460 0.715001 0.715001 0.715001
4904.151367 0.000000 255.890411 0.000000 0.960396 0.000000 -0.278640 0.786720 0.786720 0.786720
4900.342773 0.000000 245.076782 0.000000 0.695182 0.000000 -0.718834 0.846648 0.846648 0.846648
4904.852051 0.000000 249.573730 0.000000 0.815901 0.000000 -0.578192 0.794154 0.794154 0.794154
4906.728027 0.000000 248.715424 0.000000 0.707052 0.000000 0.707162 0.692421 0.692421 0.692421
4900.244629 0.000000 244.050964 0.000000 0.258596 0.000000 -0.965986 0.907748 0.907748 0.907748
4901.283691 0.000000 245.325272 0.000000 0.469856 0.000000 0.882743 0.619670 0.619670 0.619670
4907.274414 0.000000 250.581726 0.000000 0.627642 0.000000 -0.778502 0.813905 0.813905 0.813905
4908.263672 0.000000 251.744995 0.000000 0.859334 0.000000 0.511415 0.711552 0.711552 0.711552
4898.004395 0.000000 240.012466 0.000000 0.996815 0.000000 -0.079749 0.756301 0.756301 0.756301
4901.804688 0.000000 243.499954 0.000000 0.986733 0.000000 0.162349 0.736122 0.736122 0.736122
4899.617676 0.000000 241.019089 0.000000 0.404107 0.000000 -0.914712 0.841139 0.841139 0.841139
4909.018555 0.000000 251.301422 0.000000 0.840825 0.000000 -0.541307 0.790966 0.790966 0.790966
4905.288574 0.000000 251.394608 0.000000 0.523056 0.000000 -0.852298 0.823078 0.823078 0.823078
4905.496582 0.000000 250.220032 0.000000 0.844724 0.000000 0.535203 0.709553 0.709553 0.709553
4907.401367 0.000000 248.177505 0.000000 0.186542 0.000000 0.982447 0.648608 0.648608 0.648608
4909.046387 0.000000 250.304108 0.000000 0.480338 0.000000 -0.877083 0.826616 0.826616 0.826616
4651.679199 0.000000 415.141357 0.000000 0.908233 0.000000 0.418466 0.666449 0.666449 0.666449
4653.985352 0.000000 415.135895 0.000000 0.225148 0.000000 0.974325 0.614515 0.614515 0.614515
4652.686523 0.000000 415.841461 0.000000 0.388278 0.000000 -0.921542 0.868175 0.868175 0.868175
4653.002930 0.000000 414.719940 0.000000 0.999315 0.000000 -0.037012 0.753733 0.753733 0.753733
4653.862793 0.000000 416.109009 0.000000 0.962888 0.000000 -0.269902 0.791219 0.791219 0.791219
4643.048828 0.000000 429.148438 0.000000 0.694992 0.000000 0.719017 0.635292 0.635292 0.635292
4649.826660 0.000000 441.071472 0.000000 0.153886 0.000000 -0.988089 0.911898 0.911898 0.911898
4651.483887 0.000000 424.531372 0.000000 0.496317 0.000000 -0.868141 0.860151 0.860151 0.860151
4653.633789 0.000000 445.542358 0.000000 0.715481 0.000000 0.698632 0.605969 0.605969 0.605969
4645.495117 0.000000 426.884918 0.000000 0.967194 0.000000 0.254040 0.721504 0.721504 0.721504
4642.699219 0.000000 425.586365 0.000000 0.874255 0.000000 -0.485466 0.852647 0.852647 0.852647
4651.667969 0.000000 428.715973 0.000000 0.576495 0.000000 -0.817101 0.832462 0.832462 0.832462
4647.347168 0.000000 443.460938 0.000000 0.999701 0.000000 -0.024445 0.754717 0.754717 0.754717
4645.768555 0.000000 429.679077 0.000000 0.969925 0.000000 -0.243402 0.786116 0.786116 0.786116
4651.145996 0.000000 415.991791 0.000000 0.277457 0.000000 -0.960738 0.999565 0.999565 0.999565
4649.344727 0.000000 438.701660 0.000000 0.251219 0.000000 -0.967930 0.980419 0.980419 0.980419
4651.679199 0.000000 447.133545 0.000000 0.672039 0.000000 0.740516 0.601756 0.601756 0.601756
4651.137695 0.000000 426.637604 0.000000 0.966860 0.000000 0.255306 0.718894 0.718894 0.718894
4644.627441 0.000000 425.118103 0.000000 0.278279 0.000000 0.960500 0.595438 0.595438 0.595438
4643.695801 0.000000 427.061554 0.000000 0.997956 0.000000 0.063899 0.738345 0.738345 0.738345
4653.715332 0.000000 417.907196 0.000000 0.246223 0.000000 0.969213 0.550610 0.550610 0.550610
4644.645508 0.000000 428.425293 0.000000 0.936494 0.000000 0.350683 0.697369 0.697369 0.697369
4653.985352 0.000000 447.128082 0.000000 0.989168 0.000000 -0.146786 0.766675 0.766675 0.766675
4651.395996 0.000000 441.417480 0.000000 0.946316 0.000000 0.323244 0.692220 0.692220 0.692220
4652.468262 0.000000 416.847137 0.000000 0.690635 0.000000 0.723204 0.628070 0.628070 0.628070
4648.582520 0.000000 440.092316 0.000000 0.070470 0.000000 0.997514 0.578503 0.578503 0.578503
4648.770020 0.000000 442.642700 0.000000 0.999488 0.000000 0.032007 0.745963 0.745963 0.745963
4645.877930 0.000000 425.543243 0.000000 0.251466 0.000000 0.967866 0.592103 0.592103 0.592103
4650.120605 0.000000 427.479279 0.000000 0.540767 0.000000 0.841173 0.629577 0.629577 0.629577
4650.708008 0.000000 425.493195 0.000000 0.999100 0.000000 -0.042416 0.754445 0.754445 0.754445
4642.129883 0.000000 429.963959 0.000000 0.915115 0.000000 0.403194 0.690672 0.690672 0.690672
4652.686523 0.000000 447.833649 0.000000 0.060607 0.000000 -0.998162 0.920930 0.920930 0.920930
4644.542969 0.000000 426.266876 0.000000 0.984276 0.000000 0.176635 0.730301 0.730301 0.730301
4648.399414 0.000000 443.777435 0.000000 0.359579 0.000000 0.933115 0.598296 0.598296 0.598296
4644.102051 0.000000 429.448883 0.000000 0.169118 0.000000 -0.985596 0.955774 0.955774 0.955774
4645.903809 0.000000 424.441711 0.000000 0.753942 0.000000 0.656940 0.664041 0.664041 0.664041
4650.817871 0.000000 429.370697 0.000000 0.352842 0.000000 0.935683 0.645652 0.645652 0.645652
4651.761230 0.000000 425.777161 0.000000 0.990721 0.000000 0.135914 0.735717 0.735717 0.735717
4651.141113 0.000000 427.757172 0.000000 0.616726 0.000000 -0.787178 0.859190 0.859190 0.859190
4648.883301 0.000000 441.526855 0.000000 0.999015 0.000000 0.044370 0.744926 0.744926 0.744926
4653.002930 0.000000 446.712128 0.000000 0.818884 0.000000 0.573959 0.680805 0.680805 0.680805
4650.570801 0.000000 424.043152 0.000000 0.523482 0.000000 0.852037 0.643158 0.643158 0.643158
4644.632324 0.000000 427.394836 0.000000 0.632759 0.000000 -0.774349 0.848258 0.848258 0.848258
4651.791504 0.000000 429.675049 0.000000 0.999756 0.000000 -0.022106 0.751906 0.751906 0.751906
4645.398926 0.000000 427.890137 0.000000 0.797514 0.000000 0.603300 0.678151 0.678151 0.678151
4650.695312 0.000000 428.514832 0.000000 0.461500 0.000000 0.887140 0.655919 0.655919 0.655919
4640.185059 0.000000 455.818848 0.000000 0.298949 0.000000 0.954269 0.538946 0.538946 0.538946
4653.862793 0.000000 448.101196 0.000000 0.860776 0.000000 -0.508985 0.830840 0.830840 0.830840
4644.575684 0.000000 448.170532 0.000000 0.425453 0.000000 0.904980 0.550772 0.550772 0.550772
4645.846680 0.000000 472.819489 0.000000 0.117198 0.000000 -0.993109 0.992053 0.992053 0.992053
4640.066406 0.000000 450.506683 0.000000 0.828507 0.000000 0.559978 0.627972 0.627972 0.627972
4644.693359 0.000000 477.705139 0.000000 0.367751 0.000000 0.929924 0.590011 0.590011 0.590011
4647.675781 0.000000 468.900269 0.000000 0.929590 0.000000 -0.368596 0.827080 0.827080 0.827080
4649.826660 0.000000 473.063660 0.000000 0.369173 0.000000 -0.929361 0.975440 0.975440 0.975440
4643.510742 0.000000 452.239929 0.000000 0.511268 0.000000 0.859421 0.606808 0.606808 0.606808
4651.483887 0.000000 456.523560 0.000000 0.630999 0.000000 0.775784 0.661466 0.661466 0.661466
4653.633789 0.000000 477.534546 0.000000 0.764865 0.000000 0.644191 0.651114 0.651114 0.651114
4652.301758 0.000000 450.947510 0.000000 0.937952 0.000000 -0.346767 0.811167 0.811167 0.811167
4642.699219 0.000000 457.578552 0.000000 0.915636 0.000000 0.402009 0.681096 0.681096 0.681096
4647.347168 0.000000 475.453125 0.000000 0.712014 0.000000 -0.702165 0.899763 0.899763 0.899763
4652.348145 0.000000 474.671417 0.000000 0.887787 0.000000 -0.460254 0.844435 0.844435 0.844435
4651.145996 0.000000 447.983978 0.000000 0.100593 0.000000 -0.994928 1.011350 1.011350 1.011350
4644.147461 0.000000 474.969147 0.000000 0.997076 0.000000 -0.076415 0.758443 0.758443 0.758443
4641.001465 0.000000 453.129150 0.000000 0.892400 0.000000 0.451246 0.662297 0.662297 0.662297
4642.816406 0.000000 455.034790 0.000000 0.185711 0.000000 0.982604 0.513274 0.513274 0.513274
4649.344727 0.000000 470.693848 0.000000 0.227630 0.000000 0.973748 0.566558 0.566558 0.566558
4652.051270 0.000000 453.904022 0.000000 0.989597 0.000000 -0.143865 0.778180 0.778180 0.778180
4642.675781 0.000000 450.032898 0.000000 0.433294 0.000000 0.901253 0.660767 0.660767 0.660767
4651.679199 0.000000 479.125732 0.000000 0.236382 0.000000 -0.971660 1.007790 1.007790 1.007790
4650.190430 0.000000 475.204803 0.000000 0.801803 0.000000 -0.597589 0.862791 0.862791 0.862791
4640.546875 0.000000 458.073212 0.000000 0.998282 0.000000 -0.058599 0.758481 0.758481 0.758481
4651.137695 0.000000 458.629791 0.000000 0.531235 0.000000 0.847224 0.573712 0.573712 0.573712
4649.693359 0.000000 468.440735 0.000000 0.423045 0.000000 0.906109 0.598078 0.598078 0.598078
4647.825684 0.000000 473.448059 0.000000 0.704449 0.000000 -0.709754 0.902268 0.902268 0.902268
4641.884766 0.000000 459.533630 0.000000 0.908649 0.000000 0.417561 0.687693 0.687693 0.687693
4651.733398 0.000000 476.650421 0.000000 0.611558 0.000000 -0.791200 0.902535 0.902535 0.902535
4650.287598 0.000000 455.009949 0.000000 0.001266 0.000000 -0.999999 0.925888 0.925888 0.925888
4645.547852 0.000000 479.326752 0.000000 0.282831 0.000000 -0.959170 0.933566 0.933566 0.933566
4644.065430 0.000000 472.086639 0.000000 0.063178 0.000000 -0.998002 1.001088 1.001088 1.001088
4643.695801 0.000000 459.053741 0.000000 0.569644 0.000000 0.821892 0.581738 0.581738 0.581738
4653.715332 0.000000 449.899384 0.000000 0.970605 0.000000 -0.240677 0.786796 0.786796 0.786796
4645.796387 0.000000 474.617676 0.000000 0.960963 0.000000 0.276678 0.719057 0.719057 0.719057
4650.737305 0.000000 471.626801 0.000000 0.532627 0.000000 -0.846350 0.905029 0.905029 0.905029
4653.815918 0.000000 451.723328 0.000000 0.999845 0.000000 -0.017581 0.753037 0.753037 0.753037
4651.115234 0.000000 449.693176 0.000000 0.964515 0.000000 -0.264028 0.791500 0.791500 0.791500
4653.985352 0.000000 479.120270 0.000000 0.488687 0.000000 0.872459 0.597242 0.597242 0.597242
4651.395996 0.000000 473.409668 0.000000 0.970342 0.000000 -0.241736 0.776401 0.776401 0.776401
4652.468262 0.000000 448.839325 0.000000 0.862908 0.000000 -0.505360 0.830203 0.830203 0.830203
4641.713379 0.000000 456.285706 0.000000 0.856752 0.000000 0.515729 0.671015 0.671015 0.671015
4651.103516 0.000000 452.030365 0.000000 0.883438 0.000000 -0.468548 0.807661 0.807661 0.807661
4645.180176 0.000000 476.202271 0.000000 0.266656 0.000000 0.963792 0.575720 0.575720 0.575720
4643.018066 0.000000 448.378265 0.000000 0.562169 0.000000 -0.827022 0.864597 0.864597 0.864597
4641.297363 0.000000 454.770111 0.000000 0.021544 0.000000 -0.999768 1.008029 1.008029 1.008029
4643.671875 0.000000 453.779144 0.000000 0.891131 0.000000 -0.453745 0.815212 0.815212 0.815212
4644.510742 0.000000 473.513519 0.000000 0.392462 0.000000 -0.919768 0.944447 0.944447 0.944447
4643.514648 0.000000 456.216492 0.000000 0.960188 0.000000 -0.279354 0.797154 0.797154 0.797154
4642.376465 0.000000 453.257477 0.000000 0.396211 0.000000 -0.918160 0.911091 0.911091 0.911091
4652.344727 0.000000 477.894104 0.000000 0.056065 0.000000 -0.998427 0.963987 0.963987 0.963987
4651.894043 0.000000 455.255615 0.000000 0.982539 0.000000 0.186057 0.729028 0.729028 0.729028
4651.903320 0.000000 470.777710 0.000000 0.237595 0.000000 -0.971364 0.954469 0.954469 0.954469
4648.049805 0.000000 470.129486 0.000000 0.794692 0.000000 0.607012 0.660779 0.660779 0.660779
4643.911133 0.000000 449.435577 0.000000 0.643073 0.000000 -0.765805 0.852652 0.852652 0.852652
4650.775391 0.000000 453.830597 0.000000 0.978747 0.000000 0.205073 0.725578 0.725578 0.725578
4640.630859 0.000000 459.304810 0.000000 0.902415 0.000000 0.430868 0.685568 0.685568 0.685568
4650.708008 0.000000 457.485382 0.000000 0.525412 0.000000 -0.850848 0.851460 0.851460 0.851460
4645.857422 0.000000 478.131775 0.000000 0.362354 0.000000 -0.932041 0.921551 0.921551 0.921551
4652.917480 0.000000 476.417877 0.000000 0.955511 0.000000 0.294956 0.707701 0.707701 0.707701
4643.262207 0.000000 451.069580 0.000000 0.862442 0.000000 0.506155 0.707816 0.707816 0.707816
4652.686523 0.000000 479.825836 0.000000 0.917091 0.000000 0.398677 0.690916 0.690916 0.690916
4641.536621 0.000000 457.460236 0.000000 0.995294 0.000000 -0.096901 0.764147 0.764147 0.764147
4649.041992 0.000000 469.430420 0.000000 0.887433 0.000000 0.460936 0.685821 0.685821 0.685821
4644.462402 0.000000 478.888763 0.000000 0.931376 0.000000 0.364060 0.696730 0.696730 0.696730
4649.624023 0.000000 471.757355 0.000000 0.469045 0.000000 -0.883174 0.898076 0.898076 0.898076
4651.761230 0.000000 457.769348 0.000000 0.405756 0.000000 0.913981 0.635040 0.635040 0.635040
4650.570801 0.000000 456.035339 0.000000 0.828005 0.000000 -0.560721 0.809351 0.809351 0.809351
4651.554199 0.000000 452.974579 0.000000 0.355845 0.000000 0.934545 0.607283 0.607283 0.607283
4642.265137 0.000000 449.079895 0.000000 0.680380 0.000000 0.732860 0.653206 0.653206 0.653206
4650.954102 0.000000 450.669952 0.000000 0.812899 0.000000 0.582405 0.673697 0.673697 0.673697
4650.759277 0.000000 472.660736 0.000000 0.997392 0.000000 0.072170 0.742189 0.742189 0.742189
4645.054199 0.000000 475.215698 0.000000 0.663933 0.000000 0.747792 0.656760 0.656760 0.656760
4651.166504 0.000000 454.641785 0.000000 0.351108 0.000000 0.936335 0.614174 0.614174 0.614174
4644.353516 0.000000 475.846100 0.000000 0.992119 0.000000 0.125299 0.736133 0.736133 0.736133
4643.765625 0.000000 450.303558 0.000000 0.549259 0.000000 0.835652 0.671365 0.671365 0.671365
4642.408691 0.000000 450.906921 0.000000 0.592075 0.000000 0.805883 0.675511 0.675511 0.675511
4644.575684 0.000000 480.162720 0.000000 0.855792 0.000000 -0.517320 0.801463 0.801463 0.801463
4651.645996 0.000000 501.481079 0.000000 0.106024 0.000000 -0.994364 0.961019 0.961019 0.961019
4654.404785 0.000000 490.777405 0.000000 0.446243 0.000000 0.894912 0.601529 0.601529 0.601529
4647.276855 0.000000 496.005280 0.000000 0.738731 0.000000 -0.674000 0.824990 0.824990 0.824990
4661.810059 0.000000 498.276428 0.000000 0.737539 0.000000 -0.675305 0.874310 0.874310 0.874310
4654.467773 0.000000 485.311554 0.000000 0.323583 0.000000 -0.946200 0.990205 0.990205 0.990205
4649.826660 0.000000 505.055847 0.000000 0.657046 0.000000 -0.753850 0.888381 0.888381 0.888381
4658.520508 0.000000 498.217529 0.000000 0.714063 0.000000 0.700081 0.644797 0.644797 0.644797
4655.530273 0.000000 488.034821 0.000000 0.169559 0.000000 0.985520 0.591491 0.591491 0.591491
4651.145996 0.000000 479.976166 0.000000 0.852091 0.000000 -0.523394 0.856593 0.856593 0.856593
4649.628906 0.000000 494.569641 0.000000 0.562074 0.000000 0.827087 0.649066 0.649066 0.649066
4652.617676 0.000000 498.601868 0.000000 0.925839 0.000000 0.377917 0.700910 0.700910 0.700910
4660.125977 0.000000 500.322632 0.000000 0.810212 0.000000 -0.586137 0.842347 0.842347 0.842347
4657.154297 0.000000 485.120392 0.000000 0.890709 0.000000 0.454575 0.666899 0.666899 0.666899
4659.514648 0.000000 502.655579 0.000000 0.248066 0.000000 0.968743 0.577592 0.577592 0.577592
4651.679199 0.000000 511.117920 0.000000 0.629347 0.000000 -0.777124 0.865745 0.865745 0.865745
4650.190430 0.000000 507.196991 0.000000 0.903926 0.000000 -0.427688 0.786368 0.786368 0.786368
4660.083984 0.000000 496.686676 0.000000 0.146119 0.000000 -0.989267 1.029593 1.029593 1.029593
4645.158691 0.000000 485.309326 0.000000 0.729544 0.000000 0.683933 0.689714 0.689714 0.689714
4661.170898 0.000000 503.805908 0.000000 0.996984 0.000000 -0.077604 0.762633 0.762633 0.762633
4644.572266 0.000000 482.639282 0.000000 0.170945 0.000000 -0.985281 0.888703 0.888703 0.888703
4652.794922 0.000000 489.772156 0.000000 0.603878 0.000000 -0.797076 0.923323 0.923323 0.923323
4659.250977 0.000000 505.797607 0.000000 0.998766 0.000000 0.049657 0.743122 0.743122 0.743122
4651.280273 0.000000 499.660675 0.000000 0.612331 0.000000 0.790602 0.589946 0.589946 0.589946
4655.961914 0.000000 486.349579 0.000000 0.971935 0.000000 0.235250 0.720586 0.720586 0.720586
4650.737305 0.000000 503.618988 0.000000 0.589582 0.000000 0.807709 0.672096 0.672096 0.672096
4653.985352 0.000000 511.112457 0.000000 0.408905 0.000000 -0.912577 0.930480 0.930480 0.930480
4654.321777 0.000000 489.128418 0.000000 0.213412 0.000000 -0.976962 0.903451 0.903451 0.903451
4660.051758 0.000000 498.599487 0.000000 0.284347 0.000000 -0.958721 0.965038 0.965038 0.965038
4651.199707 0.000000 494.413025 0.000000 0.165181 0.000000 0.986263 0.552320 0.552320 0.552320
4651.395996 0.000000 505.401855 0.000000 0.990861 0.000000 -0.134888 0.767138 0.767138 0.767138
4658.653320 0.000000 499.756989 0.000000 0.660075 0.000000 0.751200 0.634709 0.634709 0.634709
4648.582520 0.000000 504.076691 0.000000 0.998781 0.000000 -0.049355 0.758002 0.758002 0.758002
4661.605957 0.000000 499.875946 0.000000 0.973322 0.000000 0.229445 0.711182 0.711182 0.711182
4659.455566 0.000000 504.318390 0.000000 0.878758 0.000000 -0.477268 0.818892 0.818892 0.818892
4648.790527 0.000000 495.922729 0.000000 0.681507 0.000000 -0.731811 0.835084 0.835084 0.835084
4652.554199 0.000000 491.244843 0.000000 0.800590 0.000000 -0.599213 0.859177 0.859177 0.859177
4658.579590 0.000000 496.597260 0.000000 0.616349 0.000000 0.787473 0.593386 0.593386 0.593386
4660.635254 0.000000 501.688904 0.000000 0.258088 0.000000 0.966121 0.556874 0.556874 0.556874
4652.698730 0.000000 500.067657 0.000000 0.527339 0.000000 0.849655 0.599146 0.599146 0.599146
4653.957031 0.000000 499.096069 0.000000 0.304905 0.000000 0.952383 0.590276 0.590276 0.590276
4659.027344 0.000000 501.244659 0.000000 0.970858 0.000000 -0.239657 0.785278 0.785278 0.785278
4655.820801 0.000000 489.404785 0.000000 0.022352 0.000000 0.999750 0.574736 0.574736 0.574736
4647.045898 0.000000 494.576508 0.000000 0.966401 0.000000 -0.257038 0.783658 0.783658 0.783658
4645.326172 0.000000 483.841492 0.000000 0.674622 0.000000 -0.738164 0.832324 0.832324 0.832324
4658.126465 0.000000 502.447693 0.000000 0.527357 0.000000 0.849644 0.617400 0.617400 0.617400
4654.484863 0.000000 486.733643 0.000000 0.941121 0.000000 0.338069 0.707285 0.707285 0.707285
4651.903320 0.000000 502.769897 0.000000 0.430162 0.000000 -0.902752 0.843304 0.843304 0.843304
4650.212891 0.000000 501.669922 0.000000 0.759354 0.000000 0.650678 0.647921 0.647921 0.647921
4657.326660 0.000000 486.441040 0.000000 0.434130 0.000000 -0.900850 0.931153 0.931153 0.931153
4645.872070 0.000000 480.414154 0.000000 0.645953 0.000000 -0.763377 0.832206 0.832206 0.832206
4650.427734 0.000000 510.634796 0.000000 0.986620 0.000000 -0.163038 0.771296 0.771296 0.771296
4648.340332 0.000000 494.702667 0.000000 0.432139 0.000000 0.901807 0.633518 0.633518 0.633518
4646.844727 0.000000 497.560699 0.000000 0.481247 0.000000 -0.876585 0.858359 0.858359 0.858359
4652.686523 0.000000 511.818024 0.000000 0.016513 0.000000 -0.999864 0.994025 0.994025 0.994025
4651.357422 0.000000 507.468536 0.000000 0.998863 0.000000 0.047682 0.746075 0.746075 0.746075
4645.068848 0.000000 481.530823 0.000000 0.999731 0.000000 -0.023178 0.752194 0.752194 0.752194
4661.710938 0.000000 501.021362 0.000000 0.367603 0.000000 0.929983 0.573888 0.573888 0.573888
4658.648926 0.000000 503.493744 0.000000 0.997367 0.000000 -0.072522 0.759480 0.759480 0.759480
4658.103516 0.000000 505.830017 0.000000 0.706658 0.000000 -0.707556 0.858838 0.858838 0.858838
4653.564941 0.000000 498.008057 0.000000 0.358678 0.000000 -0.933461 0.902502 0.902502 0.902502
4650.588379 0.000000 495.392059 0.000000 0.240229 0.000000 0.970716 0.563108 0.563108 0.563108
4652.732422 0.000000 501.222900 0.000000 0.025521 0.000000 0.999674 0.520410 0.520410 0.520410
4650.837891 0.000000 500.701355 0.000000 0.706483 0.000000 -0.707730 0.863289 0.863289 0.863289
4650.418457 0.000000 506.071808 0.000000 0.168973 0.000000 0.985621 0.634708 0.634708 0.634708
4654.415527 0.000000 488.103180 0.000000 0.435438 0.000000 -0.900219 0.876801 0.876801 0.876801
4650.842285 0.000000 502.511108 0.000000 0.861154 0.000000 0.508344 0.705817 0.705817 0.705817
4655.283691 0.000000 490.273834 0.000000 0.277900 0.000000 -0.960610 0.922714 0.922714 0.922714
4644.507812 0.000000 484.480194 0.000000 0.518501 0.000000 0.855077 0.667897 0.667897 0.667897
4650.759277 0.000000 504.652924 0.000000 0.737092 0.000000 -0.675792 0.843993 0.843993 0.843993
4644.162109 0.000000 483.531860 0.000000 0.981555 0.000000 -0.191178 0.769072 0.769072 0.769072
4651.305664 0.000000 506.519226 0.000000 0.838496 0.000000 0.544907 0.702577 0.702577 0.702577
4649.686523 0.000000 495.672821 0.000000 0.667928 0.000000 -0.744226 0.836991 0.836991 0.836991
4646.391602 0.000000 496.052856 0.000000 0.997303 0.000000 0.073395 0.742552 0.742552 0.742552
4650.133789 0.000000 502.991028 0.000000 0.510504 0.000000 0.859875 0.664244 0.664244 0.664244
4926.640625 0.000000 280.047180 0.000000 0.868939 0.000000 -0.494919 0.788825 0.788825 0.788825
4922.292969 0.000000 272.528290 0.000000 0.122654 0.000000 0.992450 0.508049 0.508049 0.508049
4914.228516 0.000000 263.463135 0.000000 0.221703 0.000000 -0.975114 0.859354 0.859354 0.859354
4918.832520 0.000000 267.617523 0.000000 0.117377 0.000000 -0.993087 1.040999 1.040999 1.040999
4913.848145 0.000000 258.695251 0.000000 0.705121 0.000000 0.709087 0.594815 0.594815 0.594815
4904.554199 0.000000 257.035400 0.000000 0.929569 0.000000 -0.368649 0.824335 0.824335 0.824335
4915.004883 0.000000 267.768738 0.000000 0.546549 0.000000 0.837427 0.638213 0.638213 0.638213
4921.948242 0.000000 269.038879 0.000000 0.764967 0.000000 -0.644069 0.853581 0.853581 0.853581
4924.792969 0.000000 277.177216 0.000000 0.974534 0.000000 -0.224238 0.766198 0.766198 0.766198
4917.506348 0.000000 264.526794 0.000000 0.254865 0.000000 0.966977 0.655957 0.655957 0.655957
4920.899902 0.000000 275.106567 0.000000 0.846502 0.000000 0.532386 0.649873 0.649873 0.649873
4921.436523 0.000000 266.108185 0.000000 0.703847 0.000000 -0.710352 0.806579 0.806579 0.806579
4907.114746 0.000000 256.030853 0.000000 0.742740 0.000000 0.669580 0.655010 0.655010 0.655010
4923.935059 0.000000 274.624023 0.000000 0.340228 0.000000 0.940343 0.662363 0.662363 0.662363
4925.468262 0.000000 282.412964 0.000000 0.738841 0.000000 0.673880 0.623937 0.623937 0.623937
4924.063965 0.000000 279.494354 0.000000 0.407981 0.000000 0.912990 0.562898 0.562898 0.562898
4923.865234 0.000000 266.421997 0.000000 0.196352 0.000000 -0.980534 1.021125 1.021125 1.021125
4915.381348 0.000000 265.475037 0.000000 0.943815 0.000000 -0.330475 0.792095 0.792095 0.792095
4916.887207 0.000000 266.927826 0.000000 0.466946 0.000000 -0.884286 0.827705 0.827705 0.827705
4922.825684 0.000000 276.413208 0.000000 0.666029 0.000000 0.745926 0.618289 0.618289 0.618289
4916.171387 0.000000 262.885162 0.000000 0.979702 0.000000 -0.200460 0.785429 0.785429 0.785429
4919.368652 0.000000 265.565125 0.000000 0.222615 0.000000 0.974907 0.653578 0.653578 0.653578
4917.261719 0.000000 268.821655 0.000000 0.721042 0.000000 -0.692892 0.862874 0.862874 0.862874
4920.014648 0.000000 269.099609 0.000000 0.717679 0.000000 -0.696374 0.864020 0.864020 0.864020
4915.756836 0.000000 258.680786 0.000000 0.978516 0.000000 -0.206171 0.771522 0.771522 0.771522
4921.747559 0.000000 270.771973 0.000000 0.770846 0.000000 0.637022 0.639242 0.639242 0.639242
4926.563477 0.000000 278.257599 0.000000 0.084406 0.000000 -0.996431 1.012571 1.012571 1.012571
4925.507324 0.000000 275.338959 0.000000 0.907978 0.000000 -0.419018 0.830754 0.830754 0.830754
4923.364746 0.000000 268.091675 0.000000 0.096999 0.000000 -0.995284 1.014476 1.014476 1.014476
4926.815918 0.000000 283.501953 0.000000 0.432789 0.000000 -0.901495 0.908049 0.908049 0.908049
4920.876953 0.000000 267.691681 0.000000 0.336497 0.000000 -0.941685 0.837921 0.837921 0.837921
4907.083984 0.000000 257.740051 0.000000 0.989693 0.000000 0.143205 0.731394 0.731394 0.731394
4922.363281 0.000000 274.255310 0.000000 0.263644 0.000000 0.964620 0.656608 0.656608 0.656608
4921.568848 0.000000 264.449463 0.000000 0.579800 0.000000 -0.814759 0.896840 0.896840 0.896840
4924.743652 0.000000 280.950287 0.000000 0.319086 0.000000 -0.947726 0.856739 0.856739 0.856739
4923.889160 0.000000 273.008087 0.000000 0.395994 0.000000 0.918253 0.555540 0.555540 0.555540
4923.530273 0.000000 271.494110 0.000000 0.486805 0.000000 -0.873511 0.889940 0.889940 0.889940
4926.828125 0.000000 281.592194 0.000000 0.788970 0.000000 0.614431 0.700382 0.700382 0.700382
4925.168457 0.000000 278.594360 0.000000 0.358196 0.000000 0.933646 0.554132 0.554132 0.554132
4915.529785 0.000000 264.095306 0.000000 0.901863 0.000000 0.432023 0.694166 0.694166 0.694166
4918.827637 0.000000 264.314575 0.000000 0.746457 0.000000 -0.665433 0.802144 0.802144 0.802144
4914.120117 0.000000 265.126068 0.000000 0.601502 0.000000 0.798871 0.634338 0.634338 0.634338
4924.094238 0.000000 276.057465 0.000000 0.914114 0.000000 -0.405457 0.779900 0.779900 0.779900
4916.873535 0.000000 265.629730 0.000000 0.857774 0.000000 -0.514027 0.788666 0.788666 0.788666
4920.562500 0.000000 265.179504 0.000000 0.512578 0.000000 0.858641 0.590778 0.590778 0.590778
4914.570801 0.000000 266.462097 0.000000 0.271294 0.000000 0.962496 0.604031 0.604031 0.604031
4922.792480 0.000000 270.060059 0.000000 0.037581 0.000000 0.999294 0.548040 0.548040 0.548040
4915.768555 0.000000 266.563324 0.000000 0.974980 0.000000 -0.222295 0.775247 0.775247 0.775247
4922.959961 0.000000 275.244141 0.000000 0.057918 0.000000 -0.998321 0.858350 0.858350 0.858350
4916.477539 0.000000 269.778107 0.000000 0.368290 0.000000 0.929711 0.573997 0.573997 0.573997
4925.906250 0.000000 277.287628 0.000000 0.735297 0.000000 0.677746 0.696665 0.696665 0.696665
4925.836914 0.000000 280.928864 0.000000 0.733050 0.000000 0.680174 0.685924 0.685924 0.685924
4917.625000 0.000000 267.755249 0.000000 0.722758 0.000000 -0.691101 0.804647 0.804647 0.804647
4915.470703 0.000000 259.774139 0.000000 0.997064 0.000000 0.076572 0.742056 0.742056 0.742056
4916.067383 0.000000 267.747559 0.000000 0.992773 0.000000 0.120009 0.741384 0.741384 0.741384
4916.448242 0.000000 264.633087 0.000000 0.798872 0.000000 -0.601501 0.796222 0.796222 0.796222
4922.470215 0.000000 271.509613 0.000000 0.182582 0.000000 -0.983191 0.932726 0.932726 0.932726
4915.135254 0.000000 262.822540 0.000000 0.695771 0.000000 -0.718263 0.815041 0.815041 0.815041
4925.388672 0.000000 276.359833 0.000000 0.428821 0.000000 0.903390 0.669241 0.669241 0.669241
4918.398438 0.000000 265.250061 0.000000 0.809503 0.000000 -0.587116 0.794941 0.794941 0.794941
4924.021973 0.000000 281.630646 0.000000 0.919874 0.000000 0.392214 0.715475 0.715475 0.715475
4914.801270 0.000000 259.032898 0.000000 0.697083 0.000000 0.716990 0.667144 0.667144 0.667144
4919.738281 0.000000 264.618835 0.000000 0.083156 0.000000 -0.996537 0.856538 0.856538 0.856538
4921.403320 0.000000 266.990936 0.000000 0.309299 0.000000 -0.950965 0.839979 0.839979 0.839979
4920.491699 0.000000 266.054810 0.000000 0.922550 0.000000 -0.385878 0.778373 0.778373 0.778373
4914.246582 0.000000 262.610840 0.000000 0.982310 0.000000 0.187262 0.734710 0.734710 0.734710
4925.338867 0.000000 281.596893 0.000000 0.983130 0.000000 -0.182910 0.765757 0.765757 0.765757
4924.217773 0.000000 280.313232 0.000000 0.818023 0.000000 -0.575185 0.802497 0.802497 0.802497
4928.522461 0.000000 283.878723 0.000000 0.799700 0.000000 -0.600400 0.806614 0.806614 0.806614
4927.432129 0.000000 278.487579 0.000000 0.865287 0.000000 0.501277 0.657239 0.657239 0.657239
4929.133301 0.000000 287.485992 0.000000 0.132742 0.000000 -0.991151 0.962794 0.962794 0.962794
4927.477539 0.000000 281.259186 0.000000 0.425206 0.000000 -0.905097 0.834859 0.834859 0.834859
4931.353027 0.000000 287.225891 0.000000 0.916703 0.000000 -0.399569 0.803221 0.803221 0.803221
4927.400879 0.000000 282.843628 0.000000 0.867992 0.000000 -0.496578 0.823121 0.823121 0.823121
4930.162598 0.000000 286.471497 0.000000 0.219529 0.000000 -0.975606 0.924725 0.924725 0.924725
4929.022461 0.000000 286.361877 0.000000 0.862776 0.000000 0.505587 0.671543 0.671543 0.671543
4928.658691 0.000000 282.789185 0.000000 0.943240 0.000000 -0.332111 0.779761 0.779761 0.779761
4930.315430 0.000000 287.527588 0.000000 0.998941 0.000000 0.046019 0.744039 0.744039 0.744039
4929.361328 0.000000 283.263641 0.000000 0.954570 0.000000 0.297986 0.723400 0.723400 0.723400
4929.499023 0.000000 287.982697 0.000000 0.614260 0.000000 0.789104 0.615404 0.615404 0.615404
4512.082031 0.000000 578.475464 0.000000 0.859402 0.000000 0.511301 0.638605 0.638605 0.638605
4653.862793 0.000000 512.085571 0.000000 0.406835 0.000000 -0.913502 0.912073 0.912073 0.912073
4661.124023 0.000000 537.775757 0.000000 0.070273 0.000000 -0.997528 1.004118 1.004118 1.004118
4651.645996 0.000000 533.473267 0.000000 0.320003 0.000000 -0.947416 0.927992 0.927992 0.927992
4645.846680 0.000000 536.803833 0.000000 0.994903 0.000000 0.100839 0.735560 0.735560 0.735560
4647.675781 0.000000 532.884644 0.000000 0.272101 0.000000 0.962269 0.545921 0.545921 0.545921
4641.168457 0.000000 543.423523 0.000000 0.041322 0.000000 0.999146 0.437704 0.437704 0.437704
4649.959961 0.000000 530.396545 0.000000 0.997733 0.000000 0.067295 0.737497 0.737497 0.737497
4654.828125 0.000000 535.031250 0.000000 0.879814 0.000000 -0.475318 0.795492 0.795492 0.795492
4657.937012 0.000000 536.422913 0.000000 0.389852 0.000000 -0.920878 0.950178 0.950178 0.950178
4644.406738 0.000000 534.131226 0.000000 0.668664 0.000000 -0.743564 0.899524 0.899524 0.899524
4658.104004 0.000000 539.297913 0.000000 0.207389 0.000000 -0.978259 0.915624 0.915624 0.915624
4651.145996 0.000000 511.968353 0.000000 0.149310 0.000000 -0.988791 0.934776 0.934776 0.934776
4654.087402 0.000000 532.568726 0.000000 0.190342 0.000000 0.981718 0.502459 0.502459 0.502459
4649.344727 0.000000 534.678223 0.000000 0.014669 0.000000 0.999892 0.447120 0.447120 0.447120
4647.096191 0.000000 534.993652 0.000000 0.993605 0.000000 -0.112911 0.762871 0.762871 0.762871
4649.693359 0.000000 532.425110 0.000000 0.999999 0.000000 -0.001108 0.750117 0.750117 0.750117
4647.825684 0.000000 537.432434 0.000000 0.897023 0.000000 -0.441985 0.829849 0.829849 0.829849
4643.388184 0.000000 543.163391 0.000000 0.923595 0.000000 -0.383371 0.794975 0.794975 0.794975
4655.992676 0.000000 536.587463 0.000000 0.918683 0.000000 0.394997 0.701073 0.701073 0.701073
4644.065430 0.000000 536.070984 0.000000 0.367846 0.000000 -0.929887 0.920707 0.920707 0.920707
4653.292480 0.000000 534.199036 0.000000 0.951769 0.000000 0.306816 0.694734 0.694734 0.694734
4653.715332 0.000000 513.883789 0.000000 0.145825 0.000000 0.989310 0.549563 0.549563 0.549563
4656.998047 0.000000 537.994934 0.000000 0.646147 0.000000 -0.763213 0.898513 0.898513 0.898513
4655.696289 0.000000 533.541992 0.000000 0.983610 0.000000 0.180311 0.717462 0.717462 0.717462
4651.115234 0.000000 513.677551 0.000000 0.484075 0.000000 0.875027 0.579724 0.579724 0.579724
4646.193359 0.000000 533.628113 0.000000 0.135098 0.000000 0.990832 0.523852 0.523852 0.523852
4652.468262 0.000000 512.823669 0.000000 0.943965 0.000000 -0.330046 0.797329 0.797329 0.797329
4644.510742 0.000000 537.497925 0.000000 0.747284 0.000000 0.664504 0.646093 0.646093 0.646093
4642.197754 0.000000 542.408997 0.000000 0.842362 0.000000 0.538913 0.684941 0.684941 0.684941
4658.926758 0.000000 540.668945 0.000000 0.182302 0.000000 -0.983243 0.983422 0.983422 0.983422
4659.960938 0.000000 541.726685 0.000000 0.682512 0.000000 -0.730875 0.887887 0.887887 0.887887
4660.216797 0.000000 538.911438 0.000000 0.946988 0.000000 -0.321268 0.804106 0.804106 0.804106
4650.212891 0.000000 533.662109 0.000000 0.802349 0.000000 0.596855 0.658567 0.658567 0.658567
4649.041992 0.000000 533.414795 0.000000 0.996383 0.000000 -0.084976 0.759009 0.759009 0.759009
4659.270508 0.000000 539.526917 0.000000 0.612603 0.000000 0.790391 0.639156 0.639156 0.639156
4650.837891 0.000000 532.693542 0.000000 0.971186 0.000000 -0.238321 0.784401 0.784401 0.784401
4655.024902 0.000000 537.275757 0.000000 0.824065 0.000000 -0.566496 0.822565 0.822565 0.822565
4654.998535 0.000000 536.186768 0.000000 0.027335 0.000000 0.999626 0.564029 0.564029 0.564029
4655.861816 0.000000 535.388977 0.000000 0.070953 0.000000 0.997480 0.612257 0.612257 0.612257
4642.350586 0.000000 543.465088 0.000000 0.797482 0.000000 -0.603343 0.824037 0.824037 0.824037
4648.690430 0.000000 532.431152 0.000000 0.133516 0.000000 -0.991047 0.902144 0.902144 0.902144
4646.353027 0.000000 535.692139 0.000000 0.048842 0.000000 -0.998806 0.923118 0.923118 0.923118
4646.227539 0.000000 534.566833 0.000000 0.658006 0.000000 0.753013 0.653014 0.653014 0.653014
4655.594238 0.000000 534.484253 0.000000 0.717332 0.000000 -0.696732 0.820794 0.820794 0.820794
4654.056641 0.000000 534.688599 0.000000 0.958551 0.000000 0.284922 0.723465 0.723465 0.723465
4657.665039 0.000000 559.294312 0.000000 0.367622 0.000000 0.929975 0.527599 0.527599 0.527599
4649.824707 0.000000 549.012756 0.000000 0.571710 0.000000 -0.820456 0.862153 0.862153 0.862153
4662.863770 0.000000 555.547180 0.000000 0.827100 0.000000 0.562054 0.649921 0.649921 0.649921
4640.066406 0.000000 546.483276 0.000000 0.657180 0.000000 0.753734 0.574242 0.574242 0.574242
4661.810059 0.000000 562.260803 0.000000 0.394060 0.000000 0.919085 0.523756 0.523756 0.523756
4658.354980 0.000000 574.046082 0.000000 0.380018 0.000000 0.924979 0.532742 0.532742 0.532742
4670.055664 0.000000 572.941101 0.000000 0.124772 0.000000 -0.992185 0.994843 0.994843 0.994843
4661.537598 0.000000 552.456482 0.000000 0.812272 0.000000 -0.583279 0.863516 0.863516 0.863516
4646.690430 0.000000 547.863159 0.000000 0.370748 0.000000 -0.928733 0.980471 0.980471 0.980471
4658.520508 0.000000 562.201904 0.000000 0.985606 0.000000 -0.169059 0.775048 0.775048 0.775048
4648.377441 0.000000 551.455139 0.000000 0.067882 0.000000 -0.997693 0.890558 0.890558 0.890558
4641.534180 0.000000 543.920166 0.000000 0.529155 0.000000 0.848525 0.543120 0.543120 0.543120
4660.125977 0.000000 564.307007 0.000000 0.071090 0.000000 0.997470 0.606373 0.606373 0.606373
4660.276367 0.000000 572.313049 0.000000 0.286227 0.000000 -0.958162 1.003551 1.003551 1.003551
4668.447754 0.000000 575.023376 0.000000 0.842921 0.000000 -0.538038 0.851320 0.851320 0.851320
4642.675781 0.000000 546.009460 0.000000 0.692577 0.000000 -0.721344 0.828074 0.828074 0.828074
4660.792480 0.000000 574.839844 0.000000 0.611728 0.000000 0.791068 0.664139 0.664139 0.664139
4671.281738 0.000000 574.912720 0.000000 0.203278 0.000000 0.979121 0.568518 0.568518 0.568518
4655.556641 0.000000 560.067444 0.000000 0.719197 0.000000 0.694806 0.619475 0.619475 0.619475
4649.917480 0.000000 546.804016 0.000000 0.416310 0.000000 -0.909223 0.886246 0.886246 0.886246
4663.138184 0.000000 564.249329 0.000000 0.949302 0.000000 0.314367 0.693326 0.693326 0.693326
4649.509766 0.000000 553.261658 0.000000 0.999811 0.000000 0.019452 0.746607 0.746607 0.746607
4660.918457 0.000000 554.857544 0.000000 0.804955 0.000000 0.593336 0.673465 0.673465 0.673465
4656.034668 0.000000 563.892822 0.000000 0.991622 0.000000 0.129177 0.731700 0.731700 0.731700
4661.292969 0.000000 556.751343 0.000000 0.028031 0.000000 -0.999607 1.042479 1.042479 1.042479
4657.098633 0.000000 561.074524 0.000000 0.457234 0.000000 -0.889346 0.876506 0.876506 0.876506
4648.436035 0.000000 547.803711 0.000000 0.763578 0.000000 0.645716 0.666210 0.666210 0.666210
4658.653320 0.000000 563.741394 0.000000 0.702854 0.000000 -0.711335 0.866693 0.866693 0.866693
4643.018066 0.000000 544.354797 0.000000 0.890039 0.000000 0.455885 0.706525 0.706525 0.706525
4657.084473 0.000000 562.782959 0.000000 0.163235 0.000000 -0.986587 0.948747 0.948747 0.948747
4660.635254 0.000000 565.673279 0.000000 0.913927 0.000000 0.405880 0.709972 0.709972 0.709972
4659.027344 0.000000 565.229065 0.000000 0.993850 0.000000 -0.110734 0.768605 0.768605 0.768605
4648.394531 0.000000 549.366699 0.000000 0.280300 0.000000 0.959912 0.600027 0.600027 0.600027
4662.242188 0.000000 554.258972 0.000000 0.461849 0.000000 0.886959 0.567115 0.567115 0.567115
4643.911133 0.000000 545.412170 0.000000 0.861041 0.000000 0.508535 0.701004 0.701004 0.701004
4649.165527 0.000000 550.384766 0.000000 0.996837 0.000000 -0.079478 0.757441 0.757441 0.757441
4643.262207 0.000000 547.046143 0.000000 0.899947 0.000000 -0.436000 0.793715 0.793715 0.793715
4648.903320 0.000000 546.198730 0.000000 0.891496 0.000000 0.453028 0.693879 0.693879 0.693879
4668.861816 0.000000 572.849976 0.000000 0.466289 0.000000 0.884632 0.596619 0.596619 0.596619
4661.710938 0.000000 565.005737 0.000000 0.844665 0.000000 -0.535295 0.804098 0.804098 0.804098
4649.615723 0.000000 547.903748 0.000000 0.994834 0.000000 -0.101519 0.762139 0.762139 0.762139
4657.208008 0.000000 563.978027 0.000000 0.503447 0.000000 -0.864026 0.897378 0.897378 0.897378
4661.656250 0.000000 555.684937 0.000000 0.833919 0.000000 -0.551886 0.820441 0.820441 0.820441
4660.098633 0.000000 555.677246 0.000000 0.579706 0.000000 -0.814826 0.864758 0.864758 0.864758
4669.036133 0.000000 573.892822 0.000000 0.480378 0.000000 0.877062 0.598878 0.598878 0.598878
4661.702148 0.000000 575.426331 0.000000 0.301135 0.000000 -0.953582 0.869014 0.869014 0.869014
4642.265137 0.000000 545.056458 0.000000 0.514927 0.000000 -0.857234 0.844585 0.844585 0.844585
4657.633301 0.000000 561.862244 0.000000 0.881881 0.000000 0.471473 0.693326 0.693326 0.693326
4648.060059 0.000000 550.255798 0.000000 0.299957 0.000000 -0.953953 0.868419 0.868419 0.868419
4656.658203 0.000000 561.944824 0.000000 0.963151 0.000000 -0.268963 0.781435 0.781435 0.781435
4648.989258 0.000000 548.584900 0.000000 0.135289 0.000000 -0.990806 0.917271 0.917271 0.917271
4657.699219 0.000000 560.220398 0.000000 0.790294 0.000000 -0.612727 0.826130 0.826130 0.826130
4660.044434 0.000000 575.639404 0.000000 0.188513 0.000000 -0.982071 0.879950 0.879950 0.879950
4643.765625 0.000000 546.280151 0.000000 0.999727 0.000000 0.023346 0.747738 0.747738 0.747738
4660.856445 0.000000 564.827576 0.000000 0.666093 0.000000 -0.745869 0.830626 0.830626 0.830626
4642.408691 0.000000 546.883484 0.000000 0.999115 0.000000 0.042055 0.745924 0.745924 0.745924
4649.463867 0.000000 551.219910 0.000000 0.997340 0.000000 0.072891 0.743177 0.743177 0.743177
4671.991699 0.000000 573.721069 0.000000 0.859687 0.000000 -0.510821 0.840800 0.840800 0.840800
4671.445312 0.000000 575.211609 0.000000 0.464110 0.000000 0.885778 0.605440 0.605440 0.605440
4662.332031 0.000000 576.543213 0.000000 0.849212 0.000000 0.528052 0.683908 0.683908 0.683908
4670.042480 0.000000 576.859985 0.000000 0.969212 0.000000 -0.246227 0.769215 0.769215 0.769215
4662.110352 0.000000 598.079956 0.000000 0.866476 0.000000 0.499220 0.646208 0.646208 0.646208
4661.537598 0.000000 584.448669 0.000000 0.126730 0.000000 0.991937 0.561449 0.561449 0.561449
4663.892090 0.000000 600.604858 0.000000 0.964779 0.000000 0.263061 0.701179 0.701179 0.701179
4659.875000 0.000000 580.729126 0.000000 0.998829 0.000000 -0.048378 0.759284 0.759284 0.759284
4664.732910 0.000000 603.243530 0.000000 0.317661 0.000000 -0.948204 0.954975 0.954975 0.954975
4658.104004 0.000000 603.282288 0.000000 0.968837 0.000000 0.247700 0.713935 0.713935 0.713935
4663.938965 0.000000 578.681091 0.000000 0.833172 0.000000 -0.553013 0.802830 0.802830 0.802830
4660.918457 0.000000 586.849731 0.000000 0.973780 0.000000 -0.227492 0.773011 0.773011 0.773011
4660.202637 0.000000 582.807007 0.000000 0.640989 0.000000 0.767550 0.633757 0.633757 0.633757
4663.399902 0.000000 585.487000 0.000000 0.736730 0.000000 0.676187 0.623404 0.623404 0.623404
4662.530762 0.000000 603.242249 0.000000 0.998557 0.000000 0.053694 0.741113 0.741113 0.741113
4665.771484 0.000000 599.924500 0.000000 0.802193 0.000000 0.597064 0.645950 0.645950 0.645950
4668.413086 0.000000 575.872131 0.000000 0.436252 0.000000 0.899824 0.550364 0.550364 0.550364
4662.489258 0.000000 582.949585 0.000000 0.982352 0.000000 -0.187042 0.782288 0.782288 0.782288
4670.847168 0.000000 603.423828 0.000000 0.105541 0.000000 -0.994415 0.914180 0.914180 0.914180
4670.698242 0.000000 579.395142 0.000000 0.120118 0.000000 0.992760 0.501919 0.501919 0.501919
4665.295410 0.000000 601.648560 0.000000 0.998035 0.000000 -0.062654 0.757131 0.757131 0.757131
4660.885742 0.000000 577.397339 0.000000 0.885185 0.000000 -0.465240 0.834944 0.834944 0.834944
4663.989746 0.000000 582.007263 0.000000 0.979501 0.000000 0.201440 0.715194 0.715194 0.715194
4670.859375 0.000000 601.514099 0.000000 0.971378 0.000000 0.237538 0.716522 0.716522 0.716522
4661.159180 0.000000 581.490417 0.000000 0.478660 0.000000 0.878001 0.637128 0.637128 0.637128
4660.955078 0.000000 575.897888 0.000000 0.310018 0.000000 -0.950731 0.868136 0.868136 0.868136
4662.692383 0.000000 579.747925 0.000000 0.316995 0.000000 0.948427 0.637463 0.637463 0.637463
4658.926758 0.000000 604.653320 0.000000 0.989348 0.000000 0.145567 0.729034 0.729034 0.729034
4659.960938 0.000000 605.711060 0.000000 0.683075 0.000000 0.730348 0.632481 0.632481 0.632481
4662.693359 0.000000 578.005920 0.000000 0.897386 0.000000 0.441245 0.708800 0.708800 0.708800
4663.927734 0.000000 602.171997 0.000000 0.993595 0.000000 -0.113000 0.768733 0.768733 0.768733
4663.834473 0.000000 577.325806 0.000000 0.442809 0.000000 -0.896616 0.882119 0.882119 0.882119
4661.121582 0.000000 580.149353 0.000000 0.054820 0.000000 -0.998496 0.909664 0.909664 0.909664
4660.904785 0.000000 585.551636 0.000000 0.924542 0.000000 -0.381081 0.801060 0.801060 0.801060
4671.034180 0.000000 575.896545 0.000000 0.511132 0.000000 0.859502 0.612596 0.612596 0.612596
4661.392578 0.000000 583.284851 0.000000 0.393165 0.000000 -0.919468 0.904997 0.904997 0.904997
4659.270508 0.000000 603.511292 0.000000 0.978625 0.000000 -0.205652 0.779844 0.779844 0.779844
4661.656250 0.000000 587.677124 0.000000 0.616947 0.000000 -0.787005 0.840836 0.840836 0.840836
4660.098633 0.000000 587.669434 0.000000 0.674195 0.000000 0.738553 0.666685 0.666685 0.666685
4660.479492 0.000000 584.554993 0.000000 0.594890 0.000000 -0.803807 0.871938 0.871938 0.871938
4664.956543 0.000000 600.639404 0.000000 0.558241 0.000000 0.829679 0.638693 0.638693 0.638693
4670.474609 0.000000 602.517578 0.000000 0.901615 0.000000 0.432539 0.699873 0.699873 0.699873
4661.957031 0.000000 580.563110 0.000000 0.789042 0.000000 -0.614339 0.819676 0.819676 0.819676
4663.709473 0.000000 579.588745 0.000000 0.369328 0.000000 -0.929299 0.857513 0.857513 0.857513
4662.955078 0.000000 578.886780 0.000000 0.089880 0.000000 0.995953 0.616497 0.616497 0.616497
4671.182129 0.000000 576.760864 0.000000 0.673562 0.000000 -0.739130 0.814244 0.814244 0.814244
4658.259766 0.000000 615.377197 0.000000 0.540435 0.000000 0.841386 0.627844 0.627844 0.627844
4662.863770 0.000000 619.531555 0.000000 0.582349 0.000000 -0.812939 0.860101 0.860101 0.860101
4665.428711 0.000000 629.888550 0.000000 0.106951 0.000000 -0.994264 1.019258 1.019258 1.019258
4671.036133 0.000000 626.405945 0.000000 0.898001 0.000000 -0.439992 0.833812 0.833812 0.833812
4661.810059 0.000000 626.245178 0.000000 0.444930 0.000000 0.895565 0.564555 0.564555 0.564555
4658.354980 0.000000 638.030457 0.000000 0.981211 0.000000 -0.192939 0.788663 0.788663 0.788663
4654.467773 0.000000 613.280334 0.000000 0.697555 0.000000 0.716531 0.594521 0.594521 0.594521
4662.534180 0.000000 637.298889 0.000000 0.961874 0.000000 0.273494 0.717244 0.717244 0.717244
4670.055664 0.000000 636.925476 0.000000 0.998556 0.000000 0.053724 0.743524 0.743524 0.743524
4662.110352 0.000000 630.072144 0.000000 0.755772 0.000000 0.654835 0.660766 0.660766 0.660766
4661.537598 0.000000 616.440857 0.000000 0.237302 0.000000 0.971436 0.531277 0.531277 0.531277
4658.520508 0.000000 626.186279 0.000000 0.902161 0.000000 0.431399 0.663935 0.663935 0.663935
4664.931152 0.000000 627.020630 0.000000 0.136742 0.000000 0.990607 0.464521 0.464521 0.464521
4665.467773 0.000000 618.022278 0.000000 0.566703 0.000000 0.823922 0.571324 0.571324 0.571324
4659.875000 0.000000 612.721313 0.000000 0.985976 0.000000 -0.166889 0.784142 0.784142 0.784142
4664.732910 0.000000 635.235718 0.000000 0.980031 0.000000 -0.198847 0.788850 0.788850 0.788850
4660.125977 0.000000 628.291382 0.000000 0.190207 0.000000 0.981744 0.621762 0.621762 0.621762
4660.276367 0.000000 636.297424 0.000000 0.465187 0.000000 0.885212 0.567136 0.567136 0.567136
4668.447754 0.000000 639.007751 0.000000 0.807013 0.000000 0.590533 0.652238 0.652238 0.652238
4659.412598 0.000000 617.389099 0.000000 0.107785 0.000000 -0.994174 1.030607 1.030607 1.030607
4660.792480 0.000000 638.824219 0.000000 0.944740 0.000000 0.327820 0.693435 0.693435 0.693435
4664.228027 0.000000 638.951599 0.000000 0.099313 0.000000 0.995056 0.563630 0.563630 0.563630
4671.281738 0.000000 638.897095 0.000000 0.359576 0.000000 0.933116 0.579375 0.579375 0.579375
4663.138184 0.000000 628.233704 0.000000 0.982259 0.000000 0.187531 0.725468 0.725468 0.725468
4670.785645 0.000000 628.442566 0.000000 0.073508 0.000000 0.997295 0.473723 0.473723 0.473723
4660.202637 0.000000 614.799194 0.000000 0.286147 0.000000 0.958186 0.535997 0.535997 0.535997
4663.399902 0.000000 617.479187 0.000000 0.618447 0.000000 0.785827 0.583690 0.583690 0.583690
4662.530762 0.000000 635.234436 0.000000 0.911826 0.000000 0.410576 0.669553 0.669553 0.669553
4671.361816 0.000000 614.105713 0.000000 0.987924 0.000000 0.154938 0.722780 0.722780 0.722780
4663.784668 0.000000 630.681702 0.000000 0.609522 0.000000 0.792769 0.635598 0.635598 0.635598
4655.961914 0.000000 614.318298 0.000000 0.433258 0.000000 -0.901270 0.910498 0.910498 0.910498
4664.657715 0.000000 637.280701 0.000000 0.193287 0.000000 0.981142 0.516140 0.516140 0.516140
4670.847168 0.000000 635.416016 0.000000 0.813593 0.000000 -0.581435 0.832779 0.832779 0.832779
4662.652832 0.000000 621.796570 0.000000 0.229194 0.000000 0.973381 0.557748 0.557748 0.557748
4660.051758 0.000000 626.568237 0.000000 0.855866 0.000000 -0.517197 0.840838 0.840838 0.840838
4651.103516 0.000000 611.991272 0.000000 0.988059 0.000000 -0.154077 0.767249 0.767249 0.767249
4670.585938 0.000000 615.484924 0.000000 0.885255 0.000000 0.465107 0.665354 0.665354 0.665354
4662.677246 0.000000 639.005920 0.000000 0.029417 0.000000 0.999567 0.541769 0.541769 0.541769
4661.605957 0.000000 627.844666 0.000000 0.861236 0.000000 0.508206 0.660912 0.660912 0.660912
4666.938965 0.000000 639.195496 0.000000 0.536313 0.000000 0.844019 0.623296 0.623296 0.623296
4662.668945 0.000000 631.685486 0.000000 0.245466 0.000000 -0.969405 0.915328 0.915328 0.915328
4669.865723 0.000000 638.550049 0.000000 0.894415 0.000000 -0.447238 0.821756 0.821756 0.821756
4660.635254 0.000000 629.657654 0.000000 0.677688 0.000000 -0.735350 0.826806 0.826806 0.826806
4663.686523 0.000000 636.183167 0.000000 0.965467 0.000000 -0.260526 0.781165 0.781165 0.781165
4662.242188 0.000000 618.243347 0.000000 0.942709 0.000000 -0.333617 0.789455 0.789455 0.789455
4654.484863 0.000000 614.702393 0.000000 0.234097 0.000000 -0.972213 0.940779 0.940779 0.940779
4665.533203 0.000000 638.802612 0.000000 0.096003 0.000000 -0.995381 0.936791 0.936791 0.936791
4663.981445 0.000000 618.669617 0.000000 0.654529 0.000000 0.756037 0.650564 0.650564 0.650564
4657.326660 0.000000 614.409790 0.000000 0.830336 0.000000 -0.557263 0.811591 0.811591 0.811591
4663.306641 0.000000 629.511963 0.000000 0.536942 0.000000 0.843619 0.619442 0.619442 0.619442
4670.815430 0.000000 637.805176 0.000000 0.457918 0.000000 -0.888995 0.881954 0.881954 0.881954
4663.651367 0.000000 637.873657 0.000000 0.221232 0.000000 -0.975221 0.909358 0.909358 0.909358
4661.710938 0.000000 628.990112 0.000000 0.167525 0.000000 -0.985868 0.880382 0.880382 0.880382
4656.502441 0.000000 615.362793 0.000000 0.784028 0.000000 0.620726 0.680221 0.680221 0.680221
4662.776855 0.000000 620.681763 0.000000 0.999737 0.000000 -0.022942 0.753293 0.753293 0.753293
4671.083008 0.000000 636.459961 0.000000 0.512189 0.000000 0.858873 0.625526 0.625526 0.625526
4659.166504 0.000000 614.736633 0.000000 0.431001 0.000000 -0.902351 0.887470 0.887470 0.887470
4650.954102 0.000000 610.630859 0.000000 0.361783 0.000000 0.932262 0.616129 0.616129 0.616129
4667.624512 0.000000 638.496277 0.000000 0.167379 0.000000 0.985893 0.573119 0.573119 0.573119
4662.653320 0.000000 636.336548 0.000000 0.920031 0.000000 -0.391846 0.797609 0.797609 0.797609
4660.856445 0.000000 628.811951 0.000000 0.231879 0.000000 -0.972745 0.874275 0.874275 0.874275
4672.553711 0.000000 603.800598 0.000000 0.990803 0.000000 -0.135310 0.769632 0.769632 0.769632
4676.689453 0.000000 605.673889 0.000000 0.794218 0.000000 -0.607633 0.868309 0.868309 0.868309
4674.325195 0.000000 600.615295 0.000000 0.548524 0.000000 0.836134 0.613449 0.613449 0.613449
4671.508789 0.000000 601.181030 0.000000 0.775330 0.000000 -0.631556 0.845417 0.845417 0.845417
4676.143555 0.000000 602.937866 0.000000 0.861664 0.000000 -0.507480 0.828483 0.828483 0.828483
4674.419434 0.000000 605.018982 0.000000 0.984129 0.000000 -0.177453 0.772096 0.772096 0.772096
4674.146484 0.000000 602.671082 0.000000 0.356555 0.000000 0.934274 0.663611 0.663611 0.663611
4673.161133 0.000000 599.204285 0.000000 0.871035 0.000000 -0.491221 0.826292 0.826292 0.826292
4677.792480 0.000000 602.586426 0.000000 0.923045 0.000000 0.384693 0.691775 0.691775 0.691775
4674.893555 0.000000 598.788757 0.000000 0.421092 0.000000 0.907018 0.572899 0.572899 0.572899
4671.432129 0.000000 602.765503 0.000000 0.376167 0.000000 0.926552 0.617189 0.617189 0.617189
4675.788574 0.000000 604.562500 0.000000 0.925911 0.000000 -0.377742 0.797978 0.797978 0.797978
4675.151367 0.000000 601.783081 0.000000 0.047119 0.000000 -0.998889 0.960117 0.960117 0.960117
4675.374512 0.000000 605.856934 0.000000 0.313122 0.000000 -0.949713 0.905112 0.905112 0.905112
4674.932129 0.000000 603.662537 0.000000 0.989321 0.000000 0.145754 0.739524 0.739524 0.739524
4673.761230 0.000000 603.933716 0.000000 0.910052 0.000000 0.414494 0.688181 0.688181 0.688181
4672.689941 0.000000 602.711060 0.000000 0.645313 0.000000 -0.763919 0.875748 0.875748 0.875748
4671.496094 0.000000 577.583679 0.000000 0.999999 0.000000 0.001599 0.749876 0.749876 0.749876
4675.250977 0.000000 602.822815 0.000000 0.013248 0.000000 -0.999912 0.861551 0.861551 0.861551
4675.942383 0.000000 602.108154 0.000000 0.827253 0.000000 0.561830 0.707272 0.707272 0.707272
4671.457520 0.000000 576.020508 0.000000 0.927538 0.000000 -0.373730 0.779584 0.779584 0.779584
4734.047852 0.000000 604.933289 0.000000 0.768685 0.000000 0.639628 0.628174 0.628174 0.628174
4733.491699 0.000000 602.334839 0.000000 0.264970 0.000000 0.964257 0.526461 0.526461 0.526461
4732.439941 0.000000 607.015564 0.000000 0.990209 0.000000 -0.139590 0.763334 0.763334 0.763334
4734.839355 0.000000 603.423828 0.000000 0.829113 0.000000 0.559081 0.671185 0.671185 0.671185
4733.857910 0.000000 606.557861 0.000000 0.793309 0.000000 -0.608820 0.812323 0.812323 0.812323
4732.854004 0.000000 604.842163 0.000000 0.979252 0.000000 -0.202647 0.774358 0.774358 0.774358
4733.775391 0.000000 607.719727 0.000000 0.127455 0.000000 -0.991844 0.887390 0.887390 0.887390
4733.028320 0.000000 605.885010 0.000000 0.983013 0.000000 0.183535 0.727967 0.727967 0.727967
4672.181152 0.000000 615.779785 0.000000 0.490779 0.000000 0.871284 0.646907 0.646907 0.646907
4675.517578 0.000000 627.236389 0.000000 0.740696 0.000000 0.671841 0.614061 0.614061 0.614061
4672.553711 0.000000 635.792786 0.000000 0.996043 0.000000 -0.088868 0.757923 0.757923 0.757923
4698.320312 0.000000 624.442322 0.000000 0.996829 0.000000 0.079575 0.734674 0.734674 0.734674
4698.453125 0.000000 637.714478 0.000000 0.921008 0.000000 -0.389543 0.808102 0.808102 0.808102
4687.256348 0.000000 634.372314 0.000000 0.925001 0.000000 0.379965 0.671730 0.671730 0.671730
4689.583984 0.000000 629.058411 0.000000 0.999490 0.000000 0.031939 0.745164 0.745164 0.745164
4684.134766 0.000000 623.726868 0.000000 0.860373 0.000000 0.509665 0.665135 0.665135 0.665135
4697.424805 0.000000 629.888550 0.000000 0.026257 0.000000 -0.999655 0.983819 0.983819 0.983819
4701.416016 0.000000 620.195679 0.000000 0.926401 0.000000 0.376538 0.711074 0.711074 0.711074
4703.032227 0.000000 626.405945 0.000000 0.516507 0.000000 -0.856283 0.895233 0.895233 0.895233
4676.689453 0.000000 637.666077 0.000000 0.568408 0.000000 0.822747 0.593959 0.593959 0.593959
4681.822754 0.000000 633.024597 0.000000 0.878843 0.000000 0.477110 0.668840 0.668840 0.668840
4675.506836 0.000000 612.200867 0.000000 0.987221 0.000000 0.159358 0.719569 0.719569 0.719569
4697.975586 0.000000 620.952942 0.000000 0.275514 0.000000 0.961297 0.504397 0.504397 0.504397
4686.824219 0.000000 631.007812 0.000000 0.953370 0.000000 -0.301803 0.811222 0.811222 0.811222
4689.933105 0.000000 632.399475 0.000000 0.313737 0.000000 0.949510 0.625904 0.625904 0.625904
4674.695312 0.000000 617.539490 0.000000 0.954022 0.000000 0.299738 0.698273 0.698273 0.698273
4679.343262 0.000000 635.414062 0.000000 0.868620 0.000000 -0.495478 0.824690 0.824690 0.824690
4690.516602 0.000000 626.186279 0.000000 0.507365 0.000000 0.861731 0.611431 0.611431 0.611431
4696.927246 0.000000 627.020630 0.000000 0.111202 0.000000 -0.993798 0.966826 0.966826 0.966826
4672.518555 0.000000 627.178589 0.000000 0.712948 0.000000 -0.701217 0.882919 0.882919 0.882919
4672.997559 0.000000 613.090088 0.000000 0.939317 0.000000 0.343050 0.686960 0.686960 0.686960
4699.962402 0.000000 626.538086 0.000000 0.248535 0.000000 -0.968623 0.941617 0.941617 0.941617
4684.337891 0.000000 631.980957 0.000000 0.855903 0.000000 -0.517137 0.845406 0.845406 0.845406
4701.495605 0.000000 634.327026 0.000000 0.939320 0.000000 -0.343042 0.808515 0.808515 0.808515
4673.911621 0.000000 629.450012 0.000000 0.991341 0.000000 0.131313 0.734206 0.734206 0.734206
4674.812500 0.000000 614.995728 0.000000 0.008211 0.000000 -0.999966 0.917210 0.917210 0.917210
4672.768066 0.000000 622.183228 0.000000 0.612908 0.000000 0.790154 0.640227 0.640227 0.640227
4674.041504 0.000000 625.043030 0.000000 0.695477 0.000000 0.718548 0.618726 0.618726 0.618726
4696.224121 0.000000 638.951599 0.000000 0.860893 0.000000 -0.508786 0.802621 0.802621 0.802621
4699.968750 0.000000 636.001526 0.000000 0.822999 0.000000 0.568044 0.662278 0.662278 0.662278
4687.552734 0.000000 624.051819 0.000000 0.740188 0.000000 0.672400 0.608123 0.608123 0.608123
4700.028809 0.000000 621.872375 0.000000 0.105110 0.000000 0.994461 0.602235 0.602235 0.602235
4679.821777 0.000000 633.408997 0.000000 0.230699 0.000000 -0.973025 0.965329 0.965329 0.965329
4675.384277 0.000000 639.139954 0.000000 0.048153 0.000000 -0.998840 1.028398 1.028398 1.028398
4671.991699 0.000000 637.705444 0.000000 0.452711 0.000000 0.891657 0.617342 0.617342 0.617342
4674.657715 0.000000 623.052673 0.000000 0.614500 0.000000 -0.788917 0.908551 0.908551 0.908551
4682.195312 0.000000 624.421509 0.000000 0.771832 0.000000 -0.635827 0.866702 0.866702 0.866702
4685.735352 0.000000 624.854248 0.000000 0.209849 0.000000 -0.977734 0.900810 0.900810 0.900810
4702.635254 0.000000 618.702759 0.000000 0.991071 0.000000 -0.133337 0.768067 0.768067 0.768067
4688.030762 0.000000 627.877197 0.000000 0.710774 0.000000 0.703420 0.624002 0.624002 0.624002
4687.988770 0.000000 632.564026 0.000000 0.708583 0.000000 0.705628 0.628779 0.628779 0.628779
4688.769043 0.000000 630.836609 0.000000 0.942782 0.000000 0.333411 0.699878 0.699878 0.699878
4685.993652 0.000000 632.892029 0.000000 0.007128 0.000000 0.999975 0.500988 0.500988 0.500988
4696.041992 0.000000 621.013672 0.000000 0.756885 0.000000 0.653548 0.614568 0.614568 0.614568
4671.487793 0.000000 614.094238 0.000000 0.544224 0.000000 -0.838940 0.924160 0.924160 0.924160
4677.543945 0.000000 639.287720 0.000000 0.479981 0.000000 -0.877279 0.850690 0.850690 0.850690
4685.288574 0.000000 630.175598 0.000000 0.979232 0.000000 0.202741 0.714163 0.714163 0.714163
4701.588867 0.000000 625.408936 0.000000 0.982137 0.000000 -0.188169 0.783867 0.783867 0.783867
4701.534668 0.000000 627.253052 0.000000 0.980693 0.000000 -0.195553 0.780459 0.780459 0.780459
4699.392090 0.000000 620.005737 0.000000 0.741622 0.000000 0.670818 0.663468 0.663468 0.663468
4696.653809 0.000000 637.280701 0.000000 0.975059 0.000000 0.221946 0.708450 0.708450 0.708450
4702.843262 0.000000 635.416016 0.000000 0.040665 0.000000 -0.999173 0.936942 0.936942 0.936942
4672.053711 0.000000 628.824524 0.000000 0.176690 0.000000 -0.984267 0.917081 0.917081 0.917081
4684.777344 0.000000 622.081116 0.000000 0.636584 0.000000 -0.771207 0.889761 0.889761 0.889761
4688.994141 0.000000 633.971497 0.000000 0.525073 0.000000 0.851057 0.649072 0.649072 0.649072
4682.733398 0.000000 631.587708 0.000000 0.837122 0.000000 0.547015 0.646448 0.646448 0.646448
4683.531738 0.000000 625.385437 0.000000 0.856143 0.000000 0.516739 0.658031 0.658031 0.658031
4698.390625 0.000000 626.169373 0.000000 0.822037 0.000000 -0.569435 0.837968 0.837968 0.837968
4683.392090 0.000000 633.370605 0.000000 0.999551 0.000000 -0.029953 0.755276 0.755276 0.755276
4690.649414 0.000000 627.725769 0.000000 0.132559 0.000000 -0.991175 0.941822 0.941822 0.941822
4675.333496 0.000000 628.779297 0.000000 0.293430 0.000000 0.955980 0.603054 0.603054 0.603054
4680.578613 0.000000 632.045471 0.000000 0.852983 0.000000 -0.521939 0.839606 0.839606 0.839606
4699.557617 0.000000 623.408142 0.000000 0.090940 0.000000 0.995856 0.500225 0.500225 0.500225
4677.176270 0.000000 636.163208 0.000000 0.695330 0.000000 -0.718691 0.879506 0.879506 0.879506
4702.722168 0.000000 624.095398 0.000000 0.800427 0.000000 0.599430 0.635722 0.635722 0.635722
4673.146484 0.000000 623.692627 0.000000 0.692268 0.000000 0.721640 0.652865 0.652865 0.652865
4685.818848 0.000000 623.262085 0.000000 0.275828 0.000000 -0.961207 0.954919 0.954919 0.954919
4673.293457 0.000000 614.731018 0.000000 0.839082 0.000000 -0.544005 0.806059 0.806059 0.806059
4680.766113 0.000000 634.595825 0.000000 0.288120 0.000000 0.957594 0.629705 0.629705 0.629705
4689.080566 0.000000 626.767334 0.000000 0.985648 0.000000 -0.168812 0.777393 0.777393 0.777393
4702.855469 0.000000 633.506287 0.000000 0.835090 0.000000 0.550113 0.666727 0.666727 0.666727
4671.445312 0.000000 639.195984 0.000000 0.978010 0.000000 0.208556 0.720201 0.720201 0.720201
4699.942383 0.000000 637.575500 0.000000 0.936185 0.000000 0.351509 0.697845 0.697845 0.697845
4671.432129 0.000000 634.757690 0.000000 0.567668 0.000000 0.823257 0.620976 0.620976 0.620976
4696.498535 0.000000 628.766541 0.000000 0.316461 0.000000 -0.948606 0.939049 0.939049 0.939049
4700.020508 0.000000 634.545654 0.000000 0.176336 0.000000 0.984330 0.517123 0.517123 0.517123
4673.787598 0.000000 628.062927 0.000000 0.871687 0.000000 -0.490064 0.811423 0.811423 0.811423
4675.510742 0.000000 616.177429 0.000000 0.833185 0.000000 0.552994 0.650434 0.650434 0.650434
4675.214844 0.000000 625.747131 0.000000 0.998856 0.000000 0.047823 0.742166 0.742166 0.742166
4701.399902 0.000000 635.720215 0.000000 0.620213 0.000000 0.784433 0.599301 0.599301 0.599301
4697.529297 0.000000 638.802612 0.000000 0.997062 0.000000 0.076597 0.742441 0.742441 0.742441
4679.070801 0.000000 632.296692 0.000000 0.621616 0.000000 -0.783322 0.894839 0.894839 0.894839
4672.706543 0.000000 629.957214 0.000000 0.135420 0.000000 0.990788 0.577908 0.577908 0.577908
4702.645020 0.000000 620.628967 0.000000 0.999076 0.000000 0.042978 0.743443 0.743443 0.743443
4684.807617 0.000000 633.408813 0.000000 0.295982 0.000000 -0.955193 0.952295 0.952295 0.952295
4700.121582 0.000000 627.971558 0.000000 0.346625 0.000000 0.938004 0.561690 0.561690 0.561690
4671.485352 0.000000 636.507629 0.000000 0.825555 0.000000 -0.564321 0.822247 0.822247 0.822247
4697.580078 0.000000 628.073608 0.000000 0.887244 0.000000 0.461300 0.677417 0.677417 0.677417
4677.853516 0.000000 638.092712 0.000000 0.767582 0.000000 0.640951 0.684539 0.684539 0.684539
4698.819824 0.000000 621.974121 0.000000 0.478544 0.000000 0.878064 0.623869 0.623869 0.623869
4673.761230 0.000000 635.925903 0.000000 0.863536 0.000000 -0.504286 0.797059 0.797059 0.797059
4700.857910 0.000000 636.834351 0.000000 0.752468 0.000000 -0.658628 0.857633 0.857633 0.857633
4700.373535 0.000000 620.681091 0.000000 0.111510 0.000000 -0.993763 0.897115 0.897115 0.897115
4699.040039 0.000000 636.718750 0.000000 0.800300 0.000000 -0.599600 0.843367 0.843367 0.843367
4698.987305 0.000000 627.158203 0.000000 0.805772 0.000000 0.592225 0.657966 0.657966 0.657966
4684.668457 0.000000 625.272156 0.000000 0.673948 0.000000 -0.738778 0.842220 0.842220 0.842220
4678.273926 0.000000 635.895081 0.000000 0.367828 0.000000 0.929894 0.577948 0.577948 0.577948
4685.561035 0.000000 625.976807 0.000000 0.856035 0.000000 -0.516918 0.810268 0.810268 0.810268
4701.471191 0.000000 621.320740 0.000000 0.987022 0.000000 0.160586 0.733738 0.733738 0.733738
4676.458496 0.000000 638.849731 0.000000 0.246495 0.000000 -0.969144 0.874360 0.874360 0.874360
4680.395508 0.000000 635.730591 0.000000 0.293492 0.000000 -0.955962 0.869767 0.869767 0.869767
4672.689941 0.000000 634.703247 0.000000 0.646475 0.000000 -0.762935 0.827267 0.827267 0.827267
4688.004395 0.000000 633.605713 0.000000 0.474823 0.000000 0.880081 0.643318 0.643318 0.643318
4672.517578 0.000000 614.000488 0.000000 0.979154 0.000000 0.203120 0.730065 0.730065 0.730065
4675.171387 0.000000 629.783752 0.000000 0.982924 0.000000 -0.184015 0.771363 0.771363 0.771363
4685.110840 0.000000 624.051331 0.000000 0.843193 0.000000 0.537611 0.687030 0.687030 0.687030
4699.315918 0.000000 621.080750 0.000000 0.692381 0.000000 -0.721532 0.844852 0.844852 0.844852
4673.678223 0.000000 622.816284 0.000000 0.542720 0.000000 -0.839913 0.870143 0.870143 0.870143
4674.158203 0.000000 614.200989 0.000000 0.039837 0.000000 0.999206 0.586176 0.586176 0.586176
4673.059082 0.000000 628.769592 0.000000 0.995616 0.000000 0.093531 0.738767 0.738767 0.738767
4689.177734 0.000000 632.990784 0.000000 0.736895 0.000000 0.676007 0.676402 0.676402 0.676402
4702.470703 0.000000 634.509766 0.000000 0.145024 0.000000 0.989428 0.575869 0.575869 0.575869
4672.176758 0.000000 623.488892 0.000000 0.878173 0.000000 0.478343 0.689904 0.689904 0.689904
4697.131348 0.000000 639.723816 0.000000 0.940163 0.000000 0.340724 0.715724 0.715724 0.715724
4696.638672 0.000000 638.169373 0.000000 0.334664 0.000000 -0.942338 0.871212 0.871212 0.871212
4674.034180 0.000000 615.416748 0.000000 0.999719 0.000000 0.023705 0.747463 0.747463 0.747463
4672.434082 0.000000 614.939758 0.000000 0.730233 0.000000 -0.683198 0.823302 0.823302 0.823302
4681.315918 0.000000 635.300842 0.000000 0.293034 0.000000 0.956102 0.630188 0.630188 0.630188
4681.523926 0.000000 634.126282 0.000000 0.448775 0.000000 -0.893645 0.854006 0.854006 0.854006
4673.034668 0.000000 615.654663 0.000000 0.153426 0.000000 0.988160 0.611924 0.611924 0.611924
4673.392578 0.000000 635.177673 0.000000 0.245911 0.000000 0.969292 0.632268 0.632268 0.632268
4704.177246 0.000000 615.779785 0.000000 0.189631 0.000000 0.981856 0.457368 0.457368 0.457368
4721.657227 0.000000 623.278687 0.000000 0.151869 0.000000 0.988401 0.584682 0.584682 0.584682
4707.513672 0.000000 627.236389 0.000000 0.977685 0.000000 0.210077 0.709755 0.709755 0.709755
4730.996094 0.000000 615.533020 0.000000 0.437789 0.000000 -0.899078 0.883411 0.883411 0.883411
4712.831543 0.000000 619.266785 0.000000 0.590439 0.000000 0.807082 0.574056 0.574056 0.574056
4704.549805 0.000000 635.792786 0.000000 0.882180 0.000000 -0.470911 0.849291 0.849291 0.849291
4726.324219 0.000000 608.535400 0.000000 0.249361 0.000000 -0.968411 0.993349 0.993349 0.993349
4734.034668 0.000000 608.852173 0.000000 0.238617 0.000000 -0.971114 1.008839 1.008839 1.008839
4716.130859 0.000000 623.726868 0.000000 0.007301 0.000000 -0.999973 0.997228 0.997228 0.997228
4709.440918 0.000000 615.400940 0.000000 0.281612 0.000000 0.959529 0.598742 0.598742 0.598742
4711.269043 0.000000 623.973999 0.000000 0.528335 0.000000 0.849036 0.548620 0.548620 0.548620
4721.871582 0.000000 610.609314 0.000000 0.991501 0.000000 0.130101 0.734719 0.734719 0.734719
4703.781738 0.000000 624.389221 0.000000 0.854790 0.000000 -0.518974 0.847009 0.847009 0.847009
4718.459961 0.000000 613.280334 0.000000 0.901887 0.000000 -0.431972 0.826151 0.826151 0.826151
4730.564941 0.000000 611.307373 0.000000 0.954127 0.000000 0.299402 0.696112 0.696112 0.696112
4715.476074 0.000000 616.484497 0.000000 0.266054 0.000000 -0.963958 0.959455 0.959455 0.959455
4703.506348 0.000000 620.104797 0.000000 0.288723 0.000000 0.957413 0.555110 0.555110 0.555110
4733.825195 0.000000 612.967651 0.000000 0.997384 0.000000 -0.072289 0.763351 0.763351 0.763351
4730.256836 0.000000 607.921753 0.000000 0.874243 0.000000 0.485488 0.655890 0.655890 0.655890
4716.293945 0.000000 610.908447 0.000000 0.976012 0.000000 -0.217717 0.792102 0.792102 0.792102
4706.691406 0.000000 617.539490 0.000000 0.983120 0.000000 0.182963 0.729794 0.729794 0.729794
4715.660156 0.000000 620.669067 0.000000 0.716925 0.000000 0.697150 0.654019 0.654019 0.654019
4718.717773 0.000000 621.965881 0.000000 0.878282 0.000000 -0.478142 0.850955 0.850955 0.850955
4729.459961 0.000000 618.022278 0.000000 0.667488 0.000000 0.744621 0.600666 0.600666 0.600666
4712.369629 0.000000 615.439514 0.000000 0.941931 0.000000 0.335805 0.697965 0.697965 0.697965
4704.514648 0.000000 627.178589 0.000000 0.217449 0.000000 0.976072 0.547667 0.547667 0.547667
4728.167969 0.000000 615.574646 0.000000 0.263207 0.000000 -0.964739 0.843424 0.843424 0.843424
4703.504883 0.000000 633.173218 0.000000 0.867776 0.000000 0.496956 0.675649 0.675649 0.675649
4713.621094 0.000000 622.538391 0.000000 0.890615 0.000000 -0.454758 0.790707 0.790707 0.790707
4710.117676 0.000000 626.556641 0.000000 0.192868 0.000000 0.981225 0.609640 0.609640 0.609640
4727.931152 0.000000 610.673279 0.000000 0.954277 0.000000 -0.298922 0.810960 0.810960 0.810960
4719.204590 0.000000 610.676453 0.000000 0.857525 0.000000 0.514442 0.676394 0.676394 0.676394
4723.540039 0.000000 608.481201 0.000000 0.958604 0.000000 -0.284741 0.788196 0.788196 0.788196
4705.907715 0.000000 629.450012 0.000000 0.774309 0.000000 0.632808 0.641272 0.641272 0.641272
4706.808594 0.000000 614.995728 0.000000 0.425204 0.000000 0.905098 0.579963 0.579963 0.579963
4720.657715 0.000000 620.432068 0.000000 0.361431 0.000000 0.932399 0.543227 0.543227 0.543227
4729.568848 0.000000 613.508118 0.000000 0.832854 0.000000 -0.553493 0.829240 0.829240 0.829240
4725.530273 0.000000 610.894104 0.000000 0.985480 0.000000 -0.169790 0.777170 0.777170 0.777170
4716.043457 0.000000 613.864929 0.000000 0.536401 0.000000 0.843963 0.675791 0.675791 0.675791
4711.278320 0.000000 617.433960 0.000000 0.921076 0.000000 0.389383 0.692822 0.692822 0.692822
4733.074219 0.000000 610.877502 0.000000 0.924071 0.000000 -0.382222 0.817745 0.817745 0.817745
4704.539062 0.000000 618.034180 0.000000 0.623438 0.000000 0.781873 0.637303 0.637303 0.637303
4715.129883 0.000000 618.590759 0.000000 0.583499 0.000000 0.812114 0.641660 0.641660 0.641660
4731.678711 0.000000 613.219727 0.000000 0.869158 0.000000 -0.494535 0.812329 0.812329 0.812329
4713.501953 0.000000 617.246033 0.000000 0.858809 0.000000 0.512296 0.675828 0.675828 0.675828
4723.076172 0.000000 621.773926 0.000000 0.922662 0.000000 -0.385609 0.816599 0.816599 0.816599
4731.516113 0.000000 609.531921 0.000000 0.999701 0.000000 -0.024469 0.754557 0.754557 0.754557
4727.392090 0.000000 617.479187 0.000000 0.282804 0.000000 0.959178 0.523873 0.523873 0.523873
4705.876953 0.000000 619.494568 0.000000 0.027060 0.000000 0.999634 0.556192 0.556192 0.556192
4709.180664 0.000000 628.290771 0.000000 0.137912 0.000000 0.990445 0.569359 0.569359 0.569359
4712.048340 0.000000 625.818848 0.000000 0.742814 0.000000 -0.669497 0.861457 0.861457 0.861457
4732.405273 0.000000 607.864319 0.000000 0.272251 0.000000 -0.962226 0.873306 0.873306 0.873306
4708.619629 0.000000 617.071228 0.000000 0.593027 0.000000 0.805183 0.584122 0.584122 0.584122
4713.876953 0.000000 620.750122 0.000000 0.885426 0.000000 -0.464781 0.832952 0.832952 0.832952
4723.780273 0.000000 610.594849 0.000000 0.978843 0.000000 -0.204614 0.764759 0.764759 0.764759
4728.242188 0.000000 612.359619 0.000000 0.902495 0.000000 0.430699 0.689847 0.689847 0.689847
4704.049805 0.000000 628.824524 0.000000 0.625981 0.000000 -0.779839 0.891931 0.891931 0.891931
4734.690430 0.000000 611.387329 0.000000 0.324532 0.000000 0.945875 0.654205 0.654205 0.654205
4716.773438 0.000000 622.081116 0.000000 0.999990 0.000000 -0.004391 0.750694 0.750694 0.750694
4728.900391 0.000000 619.605774 0.000000 0.867807 0.000000 0.496902 0.657547 0.657547 0.657547
4720.375488 0.000000 622.069336 0.000000 0.886298 0.000000 -0.463116 0.806123 0.806123 0.806123
4703.435547 0.000000 625.964783 0.000000 0.878452 0.000000 0.477831 0.661430 0.661430 0.661430
4724.877930 0.000000 609.389526 0.000000 0.692861 0.000000 -0.721072 0.868298 0.868298 0.868298
4729.592285 0.000000 616.363525 0.000000 0.987249 0.000000 -0.159182 0.761449 0.761449 0.761449
4720.567871 0.000000 611.605896 0.000000 0.391911 0.000000 0.920003 0.613194 0.613194 0.613194
4705.705566 0.000000 616.246643 0.000000 0.170796 0.000000 -0.985306 0.975958 0.975958 0.975958
4707.329590 0.000000 628.779297 0.000000 0.956599 0.000000 0.291406 0.719687 0.719687 0.719687
4722.040527 0.000000 609.051086 0.000000 0.701123 0.000000 -0.713040 0.855012 0.855012 0.855012
4723.307129 0.000000 623.306946 0.000000 0.944684 0.000000 -0.327982 0.784257 0.784257 0.784257
4717.814941 0.000000 623.262085 0.000000 0.330160 0.000000 -0.943925 0.945177 0.945177 0.945177
4712.782715 0.000000 623.891479 0.000000 0.904629 0.000000 -0.426200 0.787964 0.787964 0.787964
4710.888184 0.000000 615.959656 0.000000 0.834657 0.000000 0.550770 0.670218 0.670218 0.670218
4716.506836 0.000000 612.463074 0.000000 0.089561 0.000000 0.995981 0.640595 0.640595 0.640595
4703.428223 0.000000 634.757690 0.000000 0.424608 0.000000 0.905377 0.611665 0.611665 0.611665
4719.265625 0.000000 612.136536 0.000000 0.427063 0.000000 -0.904222 0.942570 0.942570 0.942570
4705.783691 0.000000 628.062927 0.000000 0.944337 0.000000 0.328979 0.696805 0.696805 0.696805
4707.506836 0.000000 616.177429 0.000000 0.200823 0.000000 -0.979627 0.900295 0.900295 0.900295
4710.695801 0.000000 627.825867 0.000000 0.944730 0.000000 -0.327850 0.784055 0.784055 0.784055
4729.732910 0.000000 614.863464 0.000000 0.874105 0.000000 -0.485738 0.786326 0.786326 0.786326
4734.784668 0.000000 610.047607 0.000000 0.889805 0.000000 -0.456341 0.786601 0.786601 0.786601
4703.705566 0.000000 621.402832 0.000000 0.793287 0.000000 -0.608847 0.849833 0.849833 0.849833
4704.702637 0.000000 629.957214 0.000000 0.313584 0.000000 -0.949561 0.948649 0.948649 0.948649
4708.173340 0.000000 615.009094 0.000000 0.919017 0.000000 0.394217 0.702314 0.702314 0.702314
4714.112793 0.000000 619.432373 0.000000 0.196375 0.000000 -0.980529 0.906964 0.906964 0.906964
4703.474609 0.000000 618.812622 0.000000 0.954908 0.000000 -0.296902 0.790724 0.790724 0.790724
4731.780273 0.000000 614.457703 0.000000 0.105486 0.000000 0.994421 0.575115 0.575115 0.575115
4730.573730 0.000000 612.639465 0.000000 0.742498 0.000000 -0.669848 0.838440 0.838440 0.838440
4728.585938 0.000000 617.093567 0.000000 0.994010 0.000000 0.109289 0.742157 0.742157 0.742157
4713.157715 0.000000 614.369141 0.000000 0.901966 0.000000 -0.431806 0.817843 0.817843 0.817843
4713.072266 0.000000 625.099548 0.000000 0.910629 0.000000 -0.413226 0.814728 0.814728 0.814728
4704.623047 0.000000 619.265747 0.000000 0.901690 0.000000 0.432383 0.693864 0.693864 0.693864
4712.332520 0.000000 622.671387 0.000000 0.088144 0.000000 -0.996108 0.877831 0.877831 0.877831
4713.519531 0.000000 616.026489 0.000000 0.886645 0.000000 -0.462451 0.816298 0.816298 0.816298
4712.424805 0.000000 616.648315 0.000000 0.685178 0.000000 0.728376 0.637478 0.637478 0.637478
4710.836914 0.000000 625.529480 0.000000 0.987881 0.000000 0.155212 0.727196 0.727196 0.727196
4708.981445 0.000000 627.114807 0.000000 0.750059 0.000000 0.661371 0.638167 0.638167 0.638167
4703.437500 0.000000 627.747131 0.000000 0.967474 0.000000 0.252971 0.713869 0.713869 0.713869
4719.484375 0.000000 622.879578 0.000000 0.999292 0.000000 -0.037622 0.753350 0.753350 0.753350
4730.679199 0.000000 613.984558 0.000000 0.858176 0.000000 -0.513356 0.814955 0.814955 0.814955
4709.912598 0.000000 614.300903 0.000000 0.749660 0.000000 -0.661823 0.835112 0.835112 0.835112
4711.409668 0.000000 626.813904 0.000000 0.587121 0.000000 0.809499 0.653828 0.653828 0.653828
4722.925293 0.000000 609.803162 0.000000 0.114472 0.000000 0.993427 0.557382 0.557382 0.557382
4720.674316 0.000000 623.875305 0.000000 0.943931 0.000000 -0.330143 0.789216 0.789216 0.789216
4729.347168 0.000000 612.199463 0.000000 0.954078 0.000000 -0.299559 0.791100 0.791100 0.791100
4723.494141 0.000000 611.688232 0.000000 0.458720 0.000000 0.888581 0.671631 0.671631 0.671631
4714.810059 0.000000 621.323853 0.000000 0.807949 0.000000 -0.589253 0.828402 0.828402 0.828402
4711.404785 0.000000 614.933472 0.000000 0.996832 0.000000 -0.079539 0.760891 0.760891 0.760891
4708.366211 0.000000 628.983032 0.000000 0.122253 0.000000 0.992499 0.567367 0.567367 0.567367
4733.523926 0.000000 607.898743 0.000000 0.003991 0.000000 0.999992 0.600821 0.600821 0.600821
4705.504395 0.000000 618.501465 0.000000 0.370065 0.000000 0.929006 0.600386 0.600386 0.600386
4717.525879 0.000000 612.798828 0.000000 0.758669 0.000000 0.651476 0.697590 0.697590 0.697590
4715.133301 0.000000 619.710266 0.000000 0.463859 0.000000 -0.885909 0.874421 0.874421 0.874421
4722.427246 0.000000 622.577942 0.000000 0.791018 0.000000 0.611794 0.682512 0.682512 0.682512
4708.585938 0.000000 615.950439 0.000000 0.790321 0.000000 0.612693 0.672394 0.672394 0.672394
4707.167480 0.000000 629.783752 0.000000 0.317914 0.000000 -0.948119 0.877863 0.877863 0.877863
4707.698242 0.000000 617.602783 0.000000 0.842501 0.000000 -0.538695 0.812473 0.812473 0.812473
4708.591309 0.000000 614.111572 0.000000 0.950715 0.000000 0.310065 0.712900 0.712900 0.712900
4721.339844 0.000000 622.338013 0.000000 0.226727 0.000000 0.973958 0.593570 0.593570 0.593570
4723.824707 0.000000 622.390503 0.000000 0.999909 0.000000 -0.013512 0.751385 0.751385 0.751385
4728.748047 0.000000 614.679993 0.000000 0.813265 0.000000 0.581893 0.705520 0.705520 0.705520
4722.824707 0.000000 610.946960 0.000000 0.993721 0.000000 -0.111887 0.758030 0.758030 0.758030
4709.307129 0.000000 629.231506 0.000000 0.893197 0.000000 -0.449666 0.808815 0.808815 0.808815
4706.604492 0.000000 616.570435 0.000000 0.748226 0.000000 -0.663443 0.829662 0.829662 0.829662
4720.924805 0.000000 610.705078 0.000000 0.769702 0.000000 -0.638403 0.831096 0.831096 0.831096
4729.079590 0.000000 615.584045 0.000000 0.056004 0.000000 -0.998431 0.858487 0.858487 0.858487
4713.678711 0.000000 623.641541 0.000000 0.895459 0.000000 -0.445143 0.789778 0.789778 0.789778
4716.826172 0.000000 613.400635 0.000000 0.725704 0.000000 -0.688008 0.806046 0.806046 0.806046
4711.573242 0.000000 627.849487 0.000000 0.185651 0.000000 0.982616 0.608891 0.608891 0.608891
4706.401367 0.000000 628.718506 0.000000 0.994942 0.000000 -0.100456 0.760316 0.760316 0.760316
4728.515137 0.000000 617.968872 0.000000 0.287253 0.000000 -0.957855 0.841633 0.841633 0.841633
4722.480957 0.000000 623.679749 0.000000 0.314271 0.000000 -0.949333 0.878257 0.878257 0.878257
4729.918457 0.000000 617.246765 0.000000 0.646073 0.000000 -0.763276 0.812192 0.812192 0.812192
4718.605957 0.000000 622.877075 0.000000 0.371509 0.000000 0.928429 0.644036 0.644036 0.644036
4713.026855 0.000000 623.110107 0.000000 0.998783 0.000000 0.049326 0.745745 0.745745 0.745745
4734.129395 0.000000 610.793884 0.000000 0.426294 0.000000 -0.904585 0.837309 0.837309 0.837309
4722.114258 0.000000 611.379639 0.000000 0.991783 0.000000 0.127931 0.740812 0.740812 0.740812
4766.660156 0.000000 567.976868 0.000000 0.969551 0.000000 -0.244891 0.787870 0.787870 0.787870
4762.445312 0.000000 573.730103 0.000000 0.713774 0.000000 0.700376 0.589387 0.589387 0.589387
4766.043945 0.000000 572.941101 0.000000 0.749242 0.000000 0.662296 0.633097 0.633097 0.633097
4764.436035 0.000000 575.023376 0.000000 0.998894 0.000000 -0.047017 0.756222 0.756222 0.756222
4766.773926 0.000000 564.458191 0.000000 0.959086 0.000000 -0.283116 0.801999 0.801999 0.801999
4766.583008 0.000000 566.187256 0.000000 0.679375 0.000000 0.733791 0.623888 0.623888 0.623888
4766.835449 0.000000 571.431641 0.000000 0.991151 0.000000 -0.132737 0.773818 0.773818 0.773818
4765.854004 0.000000 574.565674 0.000000 0.187568 0.000000 0.982252 0.567166 0.567166 0.567166
4764.850098 0.000000 572.849976 0.000000 0.106487 0.000000 0.994314 0.526712 0.526712 0.526712
4765.771484 0.000000 575.727539 0.000000 0.522365 0.000000 -0.852722 0.885087 0.885087 0.885087
4785.649414 0.000000 559.294312 0.000000 0.664997 0.000000 -0.746846 0.916981 0.916981 0.916981
4771.505859 0.000000 563.252014 0.000000 0.106983 0.000000 -0.994261 1.009386 1.009386 1.009386
4768.541992 0.000000 571.808411 0.000000 0.101605 0.000000 0.994825 0.582901 0.582901 0.582901
4786.244141 0.000000 551.392822 0.000000 0.361291 0.000000 -0.932453 0.893376 0.893376 0.893376
4773.831055 0.000000 568.796021 0.000000 0.319844 0.000000 -0.947470 0.925219 0.925219 0.925219
4780.123047 0.000000 559.742493 0.000000 0.997557 0.000000 -0.069851 0.764431 0.764431 0.764431
4767.451660 0.000000 566.417236 0.000000 0.764131 0.000000 -0.645061 0.857318 0.857318 0.857318
4772.677734 0.000000 573.681702 0.000000 0.101142 0.000000 0.994872 0.509384 0.509384 0.509384
4769.152832 0.000000 575.415710 0.000000 0.942815 0.000000 0.333316 0.695121 0.695121 0.695121
4777.944336 0.000000 562.388733 0.000000 0.970811 0.000000 -0.239846 0.787483 0.787483 0.787483
4787.859375 0.000000 548.736938 0.000000 0.922898 0.000000 -0.385045 0.802065 0.802065 0.802065
4783.514648 0.000000 552.019165 0.000000 0.064240 0.000000 -0.997934 1.049993 1.049993 1.049993
4772.131836 0.000000 570.945679 0.000000 0.913419 0.000000 -0.407021 0.789676 0.789676 0.789676
4774.109863 0.000000 562.572266 0.000000 0.671383 0.000000 -0.741110 0.819629 0.819629 0.819629
4769.899902 0.000000 565.465637 0.000000 0.697099 0.000000 -0.716975 0.829261 0.829261 0.829261
4785.142578 0.000000 553.990784 0.000000 0.293432 0.000000 0.955980 0.547279 0.547279 0.547279
4789.522461 0.000000 546.909729 0.000000 0.716141 0.000000 -0.697955 0.904270 0.904270 0.904270
4787.396973 0.000000 553.404724 0.000000 0.206123 0.000000 -0.978526 0.999246 0.999246 0.999246
4770.407715 0.000000 573.026794 0.000000 0.038114 0.000000 -0.999273 0.901956 0.901956 0.901956
4783.541016 0.000000 560.067444 0.000000 0.943732 0.000000 0.330711 0.710524 0.710524 0.710524
4781.403320 0.000000 551.595337 0.000000 0.353747 0.000000 0.935341 0.592754 0.592754 0.592754
4771.372559 0.000000 575.155579 0.000000 0.996822 0.000000 0.079659 0.737122 0.737122 0.737122
4767.979980 0.000000 573.721069 0.000000 0.444927 0.000000 -0.895567 0.929212 0.929212 0.929212
4773.172852 0.000000 564.306396 0.000000 0.321033 0.000000 -0.947068 0.948102 0.948102 0.948102
4776.040527 0.000000 561.834473 0.000000 0.224654 0.000000 -0.974439 1.003327 1.003327 1.003327
4781.723633 0.000000 560.869873 0.000000 0.985665 0.000000 0.168717 0.718146 0.718146 0.718146
4770.134766 0.000000 570.678894 0.000000 0.189805 0.000000 0.981822 0.486084 0.486084 0.486084
4769.149414 0.000000 567.212097 0.000000 0.794807 0.000000 -0.606862 0.866668 0.866668 0.866668
4772.049805 0.000000 568.063171 0.000000 0.108328 0.000000 0.994115 0.544244 0.544244 0.544244
4780.779297 0.000000 553.756531 0.000000 0.846804 0.000000 -0.531906 0.854121 0.854121 0.854121
4783.946289 0.000000 550.333923 0.000000 0.745795 0.000000 -0.666176 0.880437 0.880437 0.880437
4768.041992 0.000000 564.840149 0.000000 0.442701 0.000000 -0.896669 0.860267 0.860267 0.860267
4773.780762 0.000000 570.594238 0.000000 0.229521 0.000000 0.973304 0.623243 0.623243 0.623243
4770.036621 0.000000 562.639893 0.000000 0.979928 0.000000 -0.199352 0.785568 0.785568 0.785568
4776.402344 0.000000 563.469910 0.000000 0.999999 0.000000 0.001168 0.749819 0.749819 0.749819
4786.667480 0.000000 549.760254 0.000000 0.692186 0.000000 -0.721719 0.856207 0.856207 0.856207
4771.321777 0.000000 564.794922 0.000000 0.229705 0.000000 -0.973260 0.916603 0.916603 0.916603
4786.437500 0.000000 548.136902 0.000000 0.947515 0.000000 -0.319712 0.792866 0.792866 0.792866
4773.164551 0.000000 572.178833 0.000000 0.084409 0.000000 -0.996431 0.993368 0.993368 0.993368
4785.016602 0.000000 552.386230 0.000000 0.778070 0.000000 0.628178 0.641837 0.641837 0.641837
4772.495117 0.000000 569.490112 0.000000 0.999996 0.000000 0.002674 0.749624 0.749624 0.749624
4789.143555 0.000000 549.498230 0.000000 0.371799 0.000000 -0.928313 0.930125 0.930125 0.930125
4771.776855 0.000000 572.570312 0.000000 0.324006 0.000000 0.946055 0.626978 0.626978 0.626978
4770.182129 0.000000 574.401184 0.000000 0.975233 0.000000 0.221182 0.713982 0.713982 0.713982
4769.775879 0.000000 564.078552 0.000000 0.364964 0.000000 -0.931022 0.868696 0.868696 0.868696
4767.770020 0.000000 567.808228 0.000000 0.670565 0.000000 0.741850 0.622061 0.622061 0.622061
4774.687988 0.000000 563.841492 0.000000 0.911265 0.000000 -0.411820 0.785406 0.785406 0.785406
4789.105957 0.000000 548.157166 0.000000 0.090031 0.000000 -0.995939 0.974146 0.974146 0.974146
4768.694824 0.000000 565.972839 0.000000 0.238631 0.000000 0.971110 0.618154 0.618154 0.618154
4781.286133 0.000000 550.201172 0.000000 0.684102 0.000000 -0.729386 0.856297 0.856297 0.856297
4769.121094 0.000000 573.103699 0.000000 0.393487 0.000000 0.919330 0.571463 0.571463 0.571463
4767.473633 0.000000 572.523254 0.000000 0.841783 0.000000 0.539816 0.657912 0.657912 0.657912
4771.362793 0.000000 573.864746 0.000000 0.615015 0.000000 -0.788515 0.840062 0.840062 0.840062
4769.749512 0.000000 571.941528 0.000000 0.202496 0.000000 -0.979283 0.905482 0.905482 0.905482
4772.973633 0.000000 563.130432 0.000000 0.661731 0.000000 0.749741 0.632627 0.632627 0.632627
4783.942871 0.000000 561.322083 0.000000 0.766869 0.000000 0.641804 0.668386 0.668386 0.668386
4775.401855 0.000000 562.829529 0.000000 0.995529 0.000000 0.094454 0.742109 0.742109 0.742109
4768.678223 0.000000 570.718872 0.000000 0.991142 0.000000 0.132808 0.734848 0.734848 0.734848
4782.772949 0.000000 561.097168 0.000000 0.339724 0.000000 0.940525 0.606626 0.606626 0.606626
4787.150879 0.000000 550.752258 0.000000 0.117800 0.000000 -0.993037 0.923406 0.923406 0.923406
4787.699219 0.000000 549.782104 0.000000 0.850894 0.000000 -0.525338 0.822858 0.822858 0.822858
4771.159668 0.000000 565.799377 0.000000 0.999980 0.000000 -0.006266 0.750780 0.750780 0.750780
4782.415527 0.000000 560.088318 0.000000 0.370800 0.000000 -0.928713 0.889480 0.889480 0.889480
4769.047363 0.000000 564.785217 0.000000 0.879988 0.000000 -0.474996 0.799072 0.799072 0.799072
4768.012695 0.000000 570.014954 0.000000 0.191884 0.000000 -0.981418 0.906714 0.906714 0.906714
4773.038574 0.000000 571.192261 0.000000 0.933754 0.000000 -0.357915 0.784645 0.784645 0.784645
4772.337891 0.000000 571.822693 0.000000 0.805300 0.000000 0.592868 0.689933 0.689933 0.689933
4775.565430 0.000000 563.865112 0.000000 0.841872 0.000000 -0.539678 0.797552 0.797552 0.797552
4772.775879 0.000000 570.316895 0.000000 0.704828 0.000000 -0.709378 0.824643 0.824643 0.824643
4753.653320 0.000000 591.286499 0.000000 0.773370 0.000000 -0.633955 0.840835 0.840835 0.840835
4762.992188 0.000000 583.540833 0.000000 0.032329 0.000000 0.999477 0.538706 0.538706 0.538706
4747.634277 0.000000 597.457642 0.000000 0.333791 0.000000 -0.942647 1.006084 1.006084 1.006084
4741.834961 0.000000 600.788208 0.000000 0.881575 0.000000 -0.472043 0.821108 0.821108 0.821108
4758.852051 0.000000 587.539368 0.000000 0.402201 0.000000 0.915551 0.610608 0.610608 0.610608
4750.393066 0.000000 586.753967 0.000000 0.825013 0.000000 0.565114 0.670553 0.670553 0.670553
4740.681641 0.000000 605.673889 0.000000 0.975890 0.000000 0.218263 0.716072 0.716072 0.716072
4743.664062 0.000000 596.869019 0.000000 0.996798 0.000000 -0.079960 0.759600 0.759600 0.759600
4745.814941 0.000000 601.032410 0.000000 0.269048 0.000000 0.963127 0.479781 0.479781 0.479781
4755.024414 0.000000 587.690613 0.000000 0.238863 0.000000 0.971053 0.524072 0.524072 0.524072
4751.144531 0.000000 594.204529 0.000000 0.953252 0.000000 -0.302176 0.790436 0.790436 0.790436
4765.821289 0.000000 580.975464 0.000000 0.133802 0.000000 -0.991008 0.938427 0.938427 0.938427
4738.317383 0.000000 600.615295 0.000000 0.742032 0.000000 -0.670364 0.869476 0.869476 0.869476
4762.252930 0.000000 575.929565 0.000000 0.738679 0.000000 0.674057 0.613093 0.613093 0.613093
4757.525879 0.000000 584.448669 0.000000 0.516008 0.000000 -0.856584 0.864692 0.864692 0.864692
4750.713867 0.000000 589.973694 0.000000 0.517470 0.000000 -0.855702 0.909495 0.909495 0.909495
4740.395020 0.000000 598.115601 0.000000 0.463348 0.000000 0.886176 0.645700 0.645700 0.645700
4743.356445 0.000000 606.677490 0.000000 0.309507 0.000000 -0.950897 0.997310 0.997310 0.997310
4760.164062 0.000000 583.582458 0.000000 0.957742 0.000000 -0.287627 0.803180 0.803180 0.803180
4740.135742 0.000000 602.937866 0.000000 0.106201 0.000000 -0.994345 0.921509 0.921509 0.921509
4748.330078 0.000000 599.988770 0.000000 0.192963 0.000000 0.981206 0.582586 0.582586 0.582586
4748.605957 0.000000 594.578430 0.000000 0.821244 0.000000 0.570577 0.655349 0.655349 0.655349
4753.146484 0.000000 585.982971 0.000000 0.855187 0.000000 -0.518320 0.850852 0.850852 0.850852
4750.075684 0.000000 596.553101 0.000000 0.972688 0.000000 0.232115 0.706117 0.706117 0.706117
4755.400879 0.000000 585.396912 0.000000 0.125689 0.000000 0.992070 0.552384 0.552384 0.552384
4738.411621 0.000000 605.018982 0.000000 0.737605 0.000000 -0.675232 0.848061 0.848061 0.848061
4746.178711 0.000000 603.173584 0.000000 0.982822 0.000000 0.184557 0.729511 0.729511 0.729511
4751.544922 0.000000 592.059631 0.000000 0.987310 0.000000 0.158807 0.731769 0.731769 0.731769
4743.084473 0.000000 598.978027 0.000000 0.936363 0.000000 0.351033 0.689054 0.689054 0.689054
4763.674805 0.000000 581.227539 0.000000 0.642465 0.000000 0.766315 0.582517 0.582517 0.582517
4756.906738 0.000000 586.849731 0.000000 0.272045 0.000000 -0.962285 0.962092 0.962092 0.962092
4765.021484 0.000000 582.909424 0.000000 0.706922 0.000000 -0.707291 0.881294 0.881294 0.881294
4745.681641 0.000000 596.409485 0.000000 0.976918 0.000000 0.213616 0.723578 0.723578 0.723578
4763.512207 0.000000 577.539734 0.000000 0.970131 0.000000 0.242582 0.718412 0.718412 0.718412
4759.388184 0.000000 585.487000 0.000000 0.759149 0.000000 -0.650917 0.821865 0.821865 0.821865
4760.236328 0.000000 576.035217 0.000000 0.740490 0.000000 -0.672068 0.859086 0.859086 0.859086
4739.376465 0.000000 607.147766 0.000000 0.990192 0.000000 -0.139713 0.766259 0.766259 0.766259
4735.983887 0.000000 605.713257 0.000000 0.964971 0.000000 0.262356 0.703401 0.703401 0.703401
4761.544922 0.000000 577.701538 0.000000 0.181718 0.000000 0.983351 0.544547 0.544547 0.544547
4738.138672 0.000000 602.671082 0.000000 0.983670 0.000000 -0.179983 0.784410 0.784410 0.784410
4749.985840 0.000000 600.899841 0.000000 0.017344 0.000000 -0.999850 1.019200 1.019200 1.019200
4764.401367 0.000000 575.872131 0.000000 0.715654 0.000000 0.698454 0.647712 0.647712 0.647712
4749.489258 0.000000 588.439514 0.000000 0.941095 0.000000 -0.338143 0.783424 0.783424 0.783424
4753.086914 0.000000 593.066711 0.000000 0.999233 0.000000 0.039158 0.744181 0.744181 0.744181
4741.536133 0.000000 607.295532 0.000000 0.913609 0.000000 -0.406593 0.828911 0.828911 0.828911
4740.053711 0.000000 600.055359 0.000000 0.921130 0.000000 0.389256 0.692168 0.692168 0.692168
4749.280762 0.000000 598.183411 0.000000 0.032344 0.000000 -0.999477 0.937095 0.937095 0.937095
4741.784668 0.000000 602.586426 0.000000 0.750897 0.000000 0.660419 0.665513 0.665513 0.665513
4746.725586 0.000000 599.595520 0.000000 0.980961 0.000000 -0.194207 0.783650 0.783650 0.783650
4752.371582 0.000000 590.077148 0.000000 0.487815 0.000000 0.872947 0.609617 0.609617 0.609617
4742.181641 0.000000 597.612488 0.000000 0.875741 0.000000 -0.482781 0.810423 0.810423 0.810423
4761.588379 0.000000 584.371338 0.000000 0.343438 0.000000 0.939175 0.605032 0.605032 0.605032
4747.384277 0.000000 601.378418 0.000000 0.898522 0.000000 -0.438928 0.800667 0.800667 0.800667
4751.015625 0.000000 588.220642 0.000000 0.235732 0.000000 -0.971818 0.957010 0.957010 0.957010
4755.303223 0.000000 591.314758 0.000000 0.598354 0.000000 -0.801232 0.872940 0.872940 0.872940
4741.168457 0.000000 604.171021 0.000000 0.044300 0.000000 -0.999018 0.985373 0.985373 0.985373
4744.758301 0.000000 602.603638 0.000000 0.396691 0.000000 -0.917952 0.947599 0.947599 0.947599
4741.523438 0.000000 599.189148 0.000000 0.850959 0.000000 -0.525232 0.802962 0.802962 0.802962
4740.499023 0.000000 601.482300 0.000000 0.122784 0.000000 0.992433 0.540599 0.540599 0.540599
4751.995605 0.000000 587.006897 0.000000 0.834702 0.000000 0.550702 0.672850 0.672850 0.672850
4735.424316 0.000000 602.765503 0.000000 0.247888 0.000000 0.968789 0.574602 0.574602 0.574602
4739.780762 0.000000 604.562500 0.000000 0.151105 0.000000 -0.988518 0.937728 0.937728 0.937728
4748.687012 0.000000 596.044250 0.000000 0.650868 0.000000 0.759191 0.638866 0.638866 0.638866
4749.945312 0.000000 595.072632 0.000000 0.485154 0.000000 0.874429 0.584105 0.584105 0.584105
4738.186035 0.000000 606.393372 0.000000 0.999816 0.000000 0.019188 0.747774 0.747774 0.747774
4758.230469 0.000000 586.251160 0.000000 0.764387 0.000000 -0.644758 0.834428 0.834428 0.834428
4755.549316 0.000000 584.017151 0.000000 0.139531 0.000000 0.990218 0.554294 0.554294 0.554294
4758.847168 0.000000 584.236450 0.000000 0.674033 0.000000 -0.738702 0.834270 0.834270 0.834270
4739.143555 0.000000 601.783081 0.000000 0.950144 0.000000 -0.311812 0.801566 0.801566 0.801566
4759.969727 0.000000 586.677429 0.000000 0.893723 0.000000 0.448619 0.693946 0.693946 0.693946
4749.590820 0.000000 599.481628 0.000000 0.765921 0.000000 -0.642934 0.834925 0.834925 0.834925
4754.139648 0.000000 585.047974 0.000000 0.383576 0.000000 0.923509 0.588992 0.588992 0.588992
4756.893066 0.000000 585.551636 0.000000 0.999429 0.000000 0.033797 0.746231 0.746231 0.746231
4739.366699 0.000000 605.856934 0.000000 0.215061 0.000000 0.976601 0.570879 0.570879 0.570879
4763.776367 0.000000 582.465515 0.000000 0.243856 0.000000 0.969811 0.568097 0.568097 0.568097
4760.582031 0.000000 585.101379 0.000000 0.609852 0.000000 -0.792515 0.858697 0.858697 0.858697
4764.864746 0.000000 581.731812 0.000000 0.374174 0.000000 0.927359 0.594272 0.594272 0.594272
4747.345703 0.000000 603.445129 0.000000 0.151560 0.000000 -0.988448 0.906589 0.906589 0.906589
4751.946777 0.000000 593.314270 0.000000 0.181065 0.000000 0.983471 0.591254 0.591254 0.591254
4763.308105 0.000000 576.359375 0.000000 0.764395 0.000000 0.644749 0.659670 0.659670 0.659670
4752.670410 0.000000 591.883118 0.000000 0.996131 0.000000 0.087881 0.738360 0.738360 0.738360
4745.030273 0.000000 597.399170 0.000000 0.608137 0.000000 -0.793832 0.862560 0.862560 0.862560
4748.720703 0.000000 597.199463 0.000000 0.300227 0.000000 0.953868 0.586810 0.586810 0.586810
4750.917969 0.000000 595.645142 0.000000 0.243992 0.000000 0.969777 0.575556 0.575556 0.575556
4765.062012 0.000000 580.156067 0.000000 0.074975 0.000000 0.997185 0.553814 0.553814 0.553814
4746.406738 0.000000 602.048401 0.000000 0.835900 0.000000 0.548882 0.685867 0.685867 0.685867
4749.683105 0.000000 589.510315 0.000000 0.943612 0.000000 -0.331054 0.782695 0.782695 0.782695
4750.776855 0.000000 593.089355 0.000000 0.913798 0.000000 -0.406169 0.797811 0.797811 0.797811
4762.388184 0.000000 577.027527 0.000000 0.572001 0.000000 0.820253 0.626002 0.626002 0.626002
4756.467773 0.000000 584.554993 0.000000 0.970536 0.000000 0.240955 0.722866 0.722866 0.722866
4765.520020 0.000000 575.906555 0.000000 0.333504 0.000000 0.942749 0.587186 0.587186 0.587186
4738.338867 0.000000 607.449463 0.000000 0.101774 0.000000 -0.994808 0.920380 0.920380 0.920380
4754.423340 0.000000 590.585754 0.000000 0.842957 0.000000 -0.537982 0.825144 0.825144 0.825144
4751.271973 0.000000 586.250366 0.000000 0.877711 0.000000 0.479191 0.683892 0.683892 0.683892
4758.417969 0.000000 585.171936 0.000000 0.684233 0.000000 -0.729263 0.832861 0.832861 0.832861
4748.590820 0.000000 589.061890 0.000000 0.045311 0.000000 0.998973 0.602186 0.602186 0.602186
4750.419434 0.000000 592.080505 0.000000 0.038952 0.000000 -0.999241 0.925105 0.925105 0.925105
4740.031738 0.000000 599.061646 0.000000 0.293678 0.000000 0.955904 0.628106 0.628106 0.628106
4744.678711 0.000000 596.415527 0.000000 0.283536 0.000000 0.958961 0.592490 0.592490 0.592490
4746.747559 0.000000 600.629517 0.000000 0.596248 0.000000 -0.802800 0.853917 0.853917 0.853917
4742.196777 0.000000 596.647705 0.000000 0.095629 0.000000 0.995417 0.573104 0.573104 0.573104
4747.293945 0.000000 602.495789 0.000000 0.330831 0.000000 -0.943690 0.886164 0.886164 0.886164
4743.142090 0.000000 597.678345 0.000000 0.765152 0.000000 0.643849 0.666108 0.666108 0.666108
4759.757812 0.000000 584.540710 0.000000 0.831477 0.000000 0.555559 0.690277 0.690277 0.690277
4741.339355 0.000000 598.213257 0.000000 0.496030 0.000000 -0.868305 0.850733 0.850733 0.850733
4741.042480 0.000000 603.184448 0.000000 0.980643 0.000000 0.195804 0.726918 0.726918 0.726918
4748.346680 0.000000 588.088013 0.000000 0.981971 0.000000 0.189030 0.731573 0.731573 0.731573
4769.518555 0.000000 575.912354 0.000000 0.779117 0.000000 0.626879 0.640580 0.640580 0.640580
4740.563965 0.000000 608.131470 0.000000 0.708561 0.000000 0.705649 0.643295 0.643295 0.643295
4739.499023 0.000000 612.200867 0.000000 0.644516 0.000000 0.764591 0.613834 0.613834 0.613834
4738.664062 0.000000 609.993835 0.000000 0.998777 0.000000 0.049438 0.744624 0.744624 0.744624
4742.290039 0.000000 609.629395 0.000000 0.999389 0.000000 -0.034948 0.754683 0.754683 0.754683
4740.560547 0.000000 610.608032 0.000000 0.782221 0.000000 -0.623001 0.839350 0.839350 0.839350
4735.449707 0.000000 612.206238 0.000000 0.919547 0.000000 0.392980 0.675249 0.675249 0.675249
4739.006348 0.000000 608.339172 0.000000 0.034718 0.000000 -0.999397 0.916961 0.916961 0.916961
4739.660156 0.000000 613.740051 0.000000 0.007130 0.000000 -0.999975 0.994620 0.994620 0.994620
4741.314453 0.000000 611.810242 0.000000 0.512222 0.000000 0.858853 0.612765 0.612765 0.612765
4738.364746 0.000000 613.218384 0.000000 0.081883 0.000000 -0.996642 0.982911 0.982911 0.982911
4741.860352 0.000000 608.382935 0.000000 0.985105 0.000000 -0.171954 0.773540 0.773540 0.773540
4739.899414 0.000000 609.396545 0.000000 0.999891 0.000000 -0.014788 0.751607 0.751607 0.751607
4739.250488 0.000000 611.030518 0.000000 0.905162 0.000000 0.425066 0.697347 0.697347 0.697347
4743.337402 0.000000 609.035950 0.000000 0.961325 0.000000 0.275415 0.712619 0.712619 0.712619
4741.057129 0.000000 609.499573 0.000000 0.205182 0.000000 -0.978724 0.935821 0.935821 0.935821
4738.253418 0.000000 609.040833 0.000000 0.706697 0.000000 0.707517 0.664569 0.664569 0.664569
4735.436523 0.000000 611.164307 0.000000 0.999755 0.000000 -0.022143 0.751710 0.751710 0.751710
4625.668945 0.000000 655.270874 0.000000 0.134011 0.000000 0.990980 0.534168 0.534168 0.534168
4638.675781 0.000000 663.953430 0.000000 0.155601 0.000000 0.987820 0.556517 0.556517 0.556517
4634.328125 0.000000 656.434509 0.000000 0.675728 0.000000 0.737151 0.597057 0.597057 0.597057
4637.423828 0.000000 652.187866 0.000000 0.877351 0.000000 0.479849 0.698412 0.698412 0.698412
4639.040039 0.000000 658.398132 0.000000 0.658757 0.000000 -0.752356 0.866007 0.866007 0.866007
4629.813965 0.000000 658.237366 0.000000 0.999999 0.000000 -0.001527 0.750271 0.750271 0.750271
4623.160156 0.000000 658.188904 0.000000 0.428776 0.000000 0.903411 0.629965 0.629965 0.629965
4629.044922 0.000000 654.672852 0.000000 0.387417 0.000000 -0.921905 0.980280 0.980280 0.980280
4633.983398 0.000000 652.945129 0.000000 0.428037 0.000000 -0.903761 0.915763 0.915763 0.915763
4636.828125 0.000000 661.083496 0.000000 0.247640 0.000000 -0.968852 1.021122 1.021122 1.021122
4637.199219 0.000000 655.711426 0.000000 0.835077 0.000000 0.550133 0.692901 0.692901 0.692901
4632.935059 0.000000 659.012817 0.000000 0.981786 0.000000 -0.189993 0.780334 0.780334 0.780334
4631.806641 0.000000 654.869019 0.000000 0.855754 0.000000 0.517383 0.688755 0.688755 0.688755
4637.503418 0.000000 666.319214 0.000000 0.777049 0.000000 0.629440 0.630870 0.630870 0.630870
4622.091309 0.000000 660.537476 0.000000 0.181494 0.000000 -0.983392 0.975762 0.975762 0.975762
4631.824707 0.000000 657.131714 0.000000 0.962932 0.000000 -0.269744 0.795643 0.795643 0.795643
4623.560547 0.000000 656.044006 0.000000 0.302113 0.000000 0.953272 0.564347 0.564347 0.564347
4628.087891 0.000000 656.647644 0.000000 0.458405 0.000000 0.888743 0.640247 0.640247 0.640247
4636.036621 0.000000 653.864563 0.000000 0.372281 0.000000 -0.928120 0.872592 0.872592 0.872592
4638.480957 0.000000 654.026428 0.000000 0.909830 0.000000 0.414981 0.693632 0.693632 0.693632
4638.789551 0.000000 660.434753 0.000000 0.999900 0.000000 -0.014139 0.751410 0.751410 0.751410
4638.643066 0.000000 650.694946 0.000000 0.255058 0.000000 -0.966926 0.915564 0.915564 0.915564
4624.038574 0.000000 659.869385 0.000000 0.455241 0.000000 -0.890369 0.954489 0.954489 0.954489
4629.987793 0.000000 656.353699 0.000000 0.678865 0.000000 0.734263 0.667321 0.667321 0.667321
4632.049805 0.000000 653.005859 0.000000 0.300367 0.000000 -0.953824 0.935922 0.935922 0.935922
4625.102539 0.000000 657.051086 0.000000 0.853612 0.000000 -0.520910 0.820943 0.820943 0.820943
4633.782715 0.000000 654.678223 0.000000 0.738810 0.000000 -0.673914 0.868179 0.868179 0.868179
4638.598633 0.000000 662.163818 0.000000 0.923974 0.000000 -0.382455 0.803679 0.803679 0.803679
4638.851074 0.000000 667.408203 0.000000 0.978187 0.000000 0.207726 0.726433 0.726433 0.726433
4623.700195 0.000000 661.510742 0.000000 0.372948 0.000000 -0.927852 0.943291 0.943291 0.943291
4624.387207 0.000000 654.061523 0.000000 0.166596 0.000000 0.986025 0.539121 0.539121 0.539121
4630.656738 0.000000 653.788757 0.000000 0.891056 0.000000 -0.453892 0.830584 0.830584 0.830584
4628.055664 0.000000 658.560425 0.000000 0.554608 0.000000 0.832112 0.575806 0.575806 0.575806
4635.565430 0.000000 655.400330 0.000000 0.741757 0.000000 0.670669 0.662253 0.662253 0.662253
4638.729980 0.000000 656.087585 0.000000 0.995931 0.000000 0.090124 0.743537 0.743537 0.743537
4629.609863 0.000000 659.836853 0.000000 0.093558 0.000000 -0.995614 1.011777 1.011777 1.011777
4631.342773 0.000000 658.566284 0.000000 0.312928 0.000000 0.949777 0.640595 0.640595 0.640595
4638.863281 0.000000 665.498474 0.000000 0.979834 0.000000 -0.199815 0.781697 0.781697 0.781697
4632.818359 0.000000 656.018066 0.000000 0.238817 0.000000 -0.971065 0.882574 0.882574 0.882574
4626.583496 0.000000 656.558167 0.000000 0.772345 0.000000 -0.635203 0.825584 0.825584 0.825584
4633.131836 0.000000 657.555298 0.000000 0.571234 0.000000 0.820787 0.654004 0.654004 0.654004
4630.476562 0.000000 655.122559 0.000000 0.608436 0.000000 -0.793603 0.853245 0.853245 0.853245
4637.187988 0.000000 654.413635 0.000000 0.724586 0.000000 0.689185 0.675469 0.675469 0.675469
4634.827637 0.000000 653.966309 0.000000 0.999342 0.000000 -0.036260 0.755205 0.755205 0.755205
4631.391602 0.000000 655.980713 0.000000 0.592417 0.000000 0.805632 0.644499 0.644499 0.644499
4629.083496 0.000000 657.253052 0.000000 0.452680 0.000000 -0.891673 0.860397 0.860397 0.860397
4623.962402 0.000000 657.298645 0.000000 0.362483 0.000000 0.931990 0.573751 0.573751 0.573751
4636.381348 0.000000 652.673279 0.000000 0.989916 0.000000 0.141657 0.735349 0.735349 0.735349
4624.686035 0.000000 655.867493 0.000000 0.949495 0.000000 0.313782 0.702041 0.702041 0.702041
4637.479004 0.000000 653.312927 0.000000 0.048284 0.000000 0.998834 0.593067 0.593067 0.593067
4622.933594 0.000000 659.629517 0.000000 0.859550 0.000000 -0.511052 0.807099 0.807099 0.807099
4638.201172 0.000000 655.123108 0.000000 0.085425 0.000000 0.996345 0.554354 0.554354 0.554354
4627.301758 0.000000 657.408447 0.000000 0.899457 0.000000 -0.437010 0.799667 0.799667 0.799667
4631.925781 0.000000 659.494019 0.000000 0.997607 0.000000 0.069146 0.743955 0.743955 0.743955
4638.715332 0.000000 657.342407 0.000000 0.350050 0.000000 0.936731 0.663113 0.663113 0.663113
4630.492188 0.000000 659.192200 0.000000 0.938198 0.000000 0.346099 0.719130 0.719130 0.719130
4638.817383 0.000000 659.405579 0.000000 0.416312 0.000000 0.909222 0.594519 0.594519 0.594519
4634.505371 0.000000 655.415833 0.000000 0.648151 0.000000 -0.761512 0.853329 0.853329 0.853329
4639.182129 0.000000 661.348633 0.000000 0.856672 0.000000 0.515861 0.695958 0.695958 0.695958
4638.478516 0.000000 666.501953 0.000000 0.004474 0.000000 -0.999990 0.926408 0.926408 0.926408
4636.492676 0.000000 655.065125 0.000000 0.956498 0.000000 0.291739 0.720981 0.720981 0.720981
4628.195312 0.000000 657.659912 0.000000 0.513323 0.000000 0.858196 0.646549 0.646549 0.646549
4633.465332 0.000000 656.665466 0.000000 0.652359 0.000000 0.757910 0.664243 0.664243 0.664243
4636.226074 0.000000 655.980347 0.000000 0.984906 0.000000 0.173092 0.732947 0.732947 0.732947
4643.521484 0.000000 659.228577 0.000000 0.838695 0.000000 -0.544602 0.856595 0.856595 0.856595
4648.839355 0.000000 651.258972 0.000000 0.170918 0.000000 -0.985285 0.980653 0.980653 0.980653
4640.557617 0.000000 667.784973 0.000000 0.639111 0.000000 0.769114 0.579215 0.579215 0.579215
4662.332031 0.000000 640.527588 0.000000 0.570800 0.000000 0.821089 0.660986 0.660986 0.660986
4658.259766 0.000000 647.369385 0.000000 0.220414 0.000000 0.975406 0.524639 0.524639 0.524639
4649.824707 0.000000 644.989319 0.000000 0.502925 0.000000 0.864330 0.620713 0.620713 0.620713
4655.260254 0.000000 666.364502 0.000000 0.957437 0.000000 -0.288642 0.802222 0.802222 0.802222
4652.138672 0.000000 655.719055 0.000000 0.753625 0.000000 -0.657304 0.887989 0.887989 0.887989
4645.448730 0.000000 647.393127 0.000000 0.776851 0.000000 0.629685 0.629285 0.629285 0.629285
4639.467285 0.000000 662.393799 0.000000 0.138994 0.000000 -0.990293 0.945780 0.945780 0.945780
4647.276855 0.000000 655.966187 0.000000 0.936118 0.000000 -0.351685 0.784015 0.784015 0.784015
4661.810059 0.000000 658.237366 0.000000 0.949827 0.000000 0.312776 0.689334 0.689334 0.689334
4662.661621 0.000000 645.200989 0.000000 0.663521 0.000000 -0.748158 0.854222 0.854222 0.854222
4657.879395 0.000000 642.601501 0.000000 0.442765 0.000000 -0.896638 0.952091 0.952091 0.952091
4639.789551 0.000000 656.381409 0.000000 0.814274 0.000000 -0.580480 0.794355 0.794355 0.794355
4666.572754 0.000000 643.299561 0.000000 0.751541 0.000000 0.659687 0.638514 0.638514 0.638514
4649.826660 0.000000 665.016785 0.000000 0.650815 0.000000 0.759237 0.616096 0.616096 0.616096
4651.483887 0.000000 648.476685 0.000000 0.031430 0.000000 -0.999506 1.034917 1.034917 1.034917
4639.514160 0.000000 652.096985 0.000000 0.461532 0.000000 0.887124 0.568280 0.568280 0.568280
4669.833008 0.000000 644.959839 0.000000 0.852836 0.000000 0.522179 0.655101 0.655101 0.655101
4661.041016 0.000000 654.672852 0.000000 0.791171 0.000000 0.611594 0.639288 0.639288 0.639288
4666.264648 0.000000 639.913940 0.000000 0.897716 0.000000 0.440574 0.692465 0.692465 0.692465
4665.979492 0.000000 652.945129 0.000000 0.666808 0.000000 -0.745230 0.892883 0.892883 0.892883
4649.959961 0.000000 658.365295 0.000000 0.999906 0.000000 -0.013698 0.751681 0.751681 0.751681
4654.828125 0.000000 663.000000 0.000000 0.616098 0.000000 -0.787669 0.933672 0.933672 0.933672
4657.937012 0.000000 664.391663 0.000000 0.763395 0.000000 -0.645933 0.848025 0.848025 0.848025
4642.699219 0.000000 649.531677 0.000000 0.728445 0.000000 -0.685104 0.850690 0.850690 0.850690
4651.667969 0.000000 652.661255 0.000000 0.590133 0.000000 -0.807306 0.885376 0.885376 0.885376
4644.216309 0.000000 656.248901 0.000000 0.593600 0.000000 -0.804761 0.897365 0.897365 0.897365
4652.348145 0.000000 666.624573 0.000000 0.325239 0.000000 -0.945632 0.957141 0.957141 0.957141
4648.377441 0.000000 647.431702 0.000000 0.992691 0.000000 0.120684 0.741336 0.741336 0.741336
4659.875000 0.000000 644.713501 0.000000 0.763686 0.000000 0.645588 0.673720 0.673720 0.673720
4663.802734 0.000000 654.869019 0.000000 0.427536 0.000000 -0.903998 0.893013 0.893013 0.893013
4658.104004 0.000000 667.266663 0.000000 0.599147 0.000000 0.800639 0.580779 0.580779 0.580779
4639.512695 0.000000 665.165405 0.000000 0.948390 0.000000 -0.317108 0.800842 0.800842 0.800842
4655.530273 0.000000 647.995728 0.000000 0.432827 0.000000 -0.901477 0.957885 0.957885 0.957885
4649.628906 0.000000 654.530579 0.000000 0.559997 0.000000 -0.828494 0.886296 0.886296 0.886296
4646.125488 0.000000 658.548828 0.000000 0.847190 0.000000 -0.531290 0.827872 0.827872 0.827872
4663.938965 0.000000 642.665466 0.000000 0.882035 0.000000 -0.471183 0.795336 0.795336 0.795336
4660.125977 0.000000 660.283569 0.000000 0.944835 0.000000 0.327548 0.696108 0.696108 0.696108
4659.547852 0.000000 640.473389 0.000000 0.999985 0.000000 0.005549 0.749434 0.749434 0.749434
4657.154297 0.000000 645.081299 0.000000 0.459643 0.000000 0.888104 0.530467 0.530467 0.530467
4657.158203 0.000000 649.967346 0.000000 0.644128 0.000000 0.764918 0.601035 0.601035 0.601035
4661.538086 0.000000 642.886292 0.000000 0.400638 0.000000 0.916236 0.547275 0.547275 0.547275
4659.514648 0.000000 662.616516 0.000000 0.680463 0.000000 0.732782 0.610718 0.610718 0.610718
4667.896484 0.000000 650.328247 0.000000 0.522020 0.000000 0.852934 0.550015 0.550015 0.550015
4642.045410 0.000000 657.035217 0.000000 0.785352 0.000000 -0.619050 0.831556 0.831556 0.831556
4647.286133 0.000000 649.426147 0.000000 0.203329 0.000000 0.979110 0.530926 0.530926 0.530926
4650.190430 0.000000 667.157959 0.000000 0.287667 0.000000 0.957731 0.587272 0.587272 0.587272
4663.820801 0.000000 657.131714 0.000000 0.872102 0.000000 -0.489325 0.842341 0.842341 0.842341
4640.546875 0.000000 650.026367 0.000000 0.241652 0.000000 -0.970363 0.864396 0.864396 0.864396
4649.917480 0.000000 642.780579 0.000000 0.965381 0.000000 -0.260845 0.801216 0.801216 0.801216
4651.137695 0.000000 650.582947 0.000000 0.798098 0.000000 0.602528 0.658643 0.658643 0.658643
4663.138184 0.000000 660.225891 0.000000 0.997870 0.000000 -0.065230 0.758452 0.758452 0.758452
4670.477051 0.000000 654.026428 0.000000 0.973136 0.000000 -0.230229 0.779949 0.779949 0.779949
4649.509766 0.000000 649.238220 0.000000 0.999901 0.000000 -0.014037 0.751715 0.751715 0.751715
4669.033203 0.000000 646.893799 0.000000 0.984981 0.000000 -0.172664 0.772761 0.772761 0.772761
4667.523926 0.000000 641.524109 0.000000 0.627298 0.000000 0.778780 0.603323 0.603323 0.603323
4664.248047 0.000000 640.019592 0.000000 0.888703 0.000000 0.458484 0.681375 0.681375 0.681375
4641.884766 0.000000 651.486755 0.000000 0.874369 0.000000 -0.485262 0.793687 0.793687 0.793687
4648.056152 0.000000 657.811035 0.000000 0.059204 0.000000 0.998246 0.583156 0.583156 0.583156
4650.287598 0.000000 646.963074 0.000000 0.161652 0.000000 -0.986848 0.979829 0.979829 0.979829
4650.199219 0.000000 656.413696 0.000000 0.988732 0.000000 0.149699 0.730544 0.730544 0.730544
4665.556641 0.000000 641.685913 0.000000 0.895072 0.000000 -0.445922 0.816595 0.816595 0.816595
4655.992676 0.000000 664.556213 0.000000 0.770146 0.000000 -0.637867 0.830237 0.830237 0.830237
4661.292969 0.000000 652.727905 0.000000 0.345649 0.000000 0.938364 0.573159 0.573159 0.573159
4653.997559 0.000000 664.884216 0.000000 0.966917 0.000000 -0.255090 0.797162 0.797162 0.797162
4664.045898 0.000000 653.005859 0.000000 0.821120 0.000000 -0.570755 0.853214 0.853214 0.853214
4668.413086 0.000000 639.856506 0.000000 0.579199 0.000000 -0.815186 0.897489 0.897489 0.897489
4671.361816 0.000000 646.097900 0.000000 0.379316 0.000000 -0.925267 0.940845 0.940845 0.940845
4644.627441 0.000000 649.063416 0.000000 0.161809 0.000000 -0.986822 0.927593 0.927593 0.927593
4653.500977 0.000000 652.423889 0.000000 0.360716 0.000000 -0.932676 0.965681 0.965681 0.965681
4641.165039 0.000000 663.188660 0.000000 0.590058 0.000000 -0.807361 0.916531 0.916531 0.916531
4659.250977 0.000000 665.758545 0.000000 0.365026 0.000000 0.930997 0.588946 0.588946 0.588946
4643.695801 0.000000 651.006897 0.000000 0.832195 0.000000 0.554483 0.651121 0.651121 0.651121
4653.853027 0.000000 667.573486 0.000000 0.105046 0.000000 0.994467 0.505087 0.505087 0.505087
4659.788086 0.000000 642.587036 0.000000 0.345274 0.000000 -0.938502 0.864625 0.864625 0.864625
4665.778809 0.000000 654.678223 0.000000 0.850403 0.000000 0.526132 0.677641 0.677641 0.677641
4655.961914 0.000000 646.310486 0.000000 0.988922 0.000000 -0.148439 0.777576 0.777576 0.777576
4656.998047 0.000000 665.963684 0.000000 0.741755 0.000000 0.670671 0.647387 0.647387 0.647387
4645.850586 0.000000 656.860962 0.000000 0.222382 0.000000 -0.974960 0.962165 0.962165 0.962165
4644.550293 0.000000 657.955017 0.000000 0.934737 0.000000 0.355340 0.692761 0.692761 0.692761
4651.535645 0.000000 657.377625 0.000000 0.270115 0.000000 -0.962828 0.917969 0.917969 0.917969
4639.443359 0.000000 657.956970 0.000000 0.935350 0.000000 0.353723 0.724106 0.724106 0.724106
4660.885742 0.000000 641.381714 0.000000 0.985149 0.000000 -0.171704 0.773796 0.773796 0.773796
4654.321777 0.000000 649.089355 0.000000 0.913017 0.000000 -0.407921 0.811956 0.811956 0.811956
4648.417969 0.000000 659.446472 0.000000 0.656164 0.000000 0.754618 0.645051 0.645051 0.645051
4662.652832 0.000000 653.788757 0.000000 0.278819 0.000000 -0.960344 0.911731 0.911731 0.911731
4651.199707 0.000000 654.373962 0.000000 0.948960 0.000000 -0.315395 0.786319 0.786319 0.786319
4651.395996 0.000000 665.362793 0.000000 0.793849 0.000000 -0.608115 0.837575 0.837575 0.837575
4663.989746 0.000000 645.991638 0.000000 0.980018 0.000000 0.198908 0.725310 0.725310 0.725310
4670.585938 0.000000 647.477112 0.000000 0.179036 0.000000 -0.983843 0.974606 0.974606 0.974606
4658.683105 0.000000 645.736816 0.000000 0.990616 0.000000 -0.136673 0.764902 0.764902 0.764902
4648.582520 0.000000 664.037659 0.000000 0.838831 0.000000 0.544393 0.660590 0.660590 0.660590
4658.453125 0.000000 644.113464 0.000000 0.436035 0.000000 -0.899930 0.871694 0.871694 0.871694
4657.366699 0.000000 668.731323 0.000000 0.999084 0.000000 0.042788 0.744290 0.744290 0.744290
4658.048340 0.000000 641.043274 0.000000 0.513347 0.000000 -0.858181 0.855186 0.855186 0.855186
4657.032227 0.000000 648.362793 0.000000 0.013607 0.000000 -0.999907 1.016349 1.016349 1.016349
4670.726074 0.000000 656.087585 0.000000 0.558424 0.000000 0.829556 0.635421 0.635421 0.635421
4648.770020 0.000000 666.588013 0.000000 0.495121 0.000000 -0.868824 0.893413 0.893413 0.893413
4663.338867 0.000000 658.566284 0.000000 0.880827 0.000000 0.473439 0.680325 0.680325 0.680325
4641.011230 0.000000 665.626282 0.000000 0.949944 0.000000 -0.312419 0.800064 0.800064 0.800064
4659.455566 0.000000 664.279297 0.000000 0.168297 0.000000 -0.985736 0.938574 0.938574 0.938574
4648.790527 0.000000 655.883667 0.000000 0.916657 0.000000 -0.399674 0.807393 0.807393 0.807393
4661.159180 0.000000 645.474792 0.000000 0.967015 0.000000 -0.254718 0.780309 0.780309 0.780309
4646.895996 0.000000 647.951843 0.000000 0.970458 0.000000 -0.241270 0.776623 0.776623 0.776623
4656.591309 0.000000 641.809204 0.000000 0.720072 0.000000 0.693900 0.655874 0.655874 0.655874
4660.955078 0.000000 639.882263 0.000000 0.718970 0.000000 -0.695041 0.880149 0.880149 0.880149
4639.436035 0.000000 666.749878 0.000000 0.973137 0.000000 -0.230227 0.776164 0.776164 0.776164
4660.635254 0.000000 661.649841 0.000000 0.443763 0.000000 0.896144 0.570578 0.570578 0.570578
4639.465332 0.000000 654.857178 0.000000 0.996804 0.000000 0.079885 0.739466 0.739466 0.739466
4662.692383 0.000000 643.732300 0.000000 0.042589 0.000000 0.999093 0.608790 0.608790 0.608790
4641.422852 0.000000 652.904480 0.000000 0.799055 0.000000 0.601258 0.669376 0.669376 0.669376
4648.394531 0.000000 645.343262 0.000000 0.721589 0.000000 0.692321 0.655284 0.655284 0.655284
4656.605469 0.000000 667.347839 0.000000 0.993150 0.000000 0.116846 0.737205 0.737205 0.737205
4655.820801 0.000000 649.365723 0.000000 0.597726 0.000000 -0.801700 0.887151 0.887151 0.887151
4667.962891 0.000000 643.799683 0.000000 0.630546 0.000000 -0.776152 0.887506 0.887506 0.887506
4639.785645 0.000000 663.784790 0.000000 0.765016 0.000000 -0.644011 0.845709 0.845709 0.845709
4662.693359 0.000000 641.990295 0.000000 0.492453 0.000000 0.870339 0.652432 0.652432 0.652432
4647.045898 0.000000 654.537415 0.000000 0.124901 0.000000 0.992169 0.613176 0.613176 0.613176
4643.514648 0.000000 648.169617 0.000000 0.024930 0.000000 -0.999689 0.956233 0.956233 0.956233
4658.126465 0.000000 662.408630 0.000000 0.980513 0.000000 0.196453 0.716511 0.716511 0.716511
4646.703613 0.000000 659.818054 0.000000 0.906492 0.000000 -0.422224 0.810601 0.810601 0.810601
4643.218750 0.000000 657.739319 0.000000 0.999999 0.000000 0.001325 0.749838 0.749838 0.749838
4639.713379 0.000000 653.395020 0.000000 0.967166 0.000000 0.254147 0.707202 0.707202 0.707202
4663.834473 0.000000 641.310181 0.000000 0.944555 0.000000 0.328354 0.719085 0.719085 0.719085
4651.894043 0.000000 647.208740 0.000000 0.708546 0.000000 -0.705665 0.877829 0.877829 0.877829
4665.178711 0.000000 643.108093 0.000000 0.140659 0.000000 -0.990058 0.949565 0.949565 0.949565
4661.121582 0.000000 644.133728 0.000000 0.999199 0.000000 -0.040011 0.754710 0.754710 0.754710
4662.472656 0.000000 655.122559 0.000000 0.968346 0.000000 -0.249613 0.781956 0.781956 0.781956
4657.326660 0.000000 646.401978 0.000000 0.502690 0.000000 0.864467 0.630063 0.630063 0.630063
4645.877930 0.000000 649.488525 0.000000 0.689358 0.000000 -0.724421 0.852171 0.852171 0.852171
4650.120605 0.000000 651.424561 0.000000 0.867553 0.000000 0.497345 0.676462 0.676462 0.676462
4639.482422 0.000000 650.804810 0.000000 0.444434 0.000000 0.895812 0.609989 0.609989 0.609989
4671.034180 0.000000 639.880920 0.000000 0.358250 0.000000 -0.933626 0.920827 0.920827 0.920827
4663.306641 0.000000 661.504150 0.000000 0.744489 0.000000 -0.667634 0.844651 0.844651 0.844651
4649.165527 0.000000 646.361328 0.000000 0.321633 0.000000 0.946864 0.660952 0.660952 0.660952
4649.080078 0.000000 657.091736 0.000000 0.512544 0.000000 0.858661 0.636017 0.636017 0.636017
4640.630859 0.000000 651.257935 0.000000 0.938662 0.000000 0.344839 0.719643 0.719643 0.719643
4648.340332 0.000000 654.663574 0.000000 0.992635 0.000000 0.121143 0.733048 0.733048 0.733048
4640.867188 0.000000 664.392151 0.000000 0.501815 0.000000 0.864975 0.585330 0.585330 0.585330
4649.527344 0.000000 648.018677 0.000000 0.465227 0.000000 -0.885191 0.882792 0.882792 0.882792
4648.432617 0.000000 648.640503 0.000000 0.944453 0.000000 0.328646 0.709087 0.709087 0.709087
4642.973633 0.000000 656.241882 0.000000 0.543084 0.000000 -0.839678 0.871770 0.871770 0.871770
4664.714844 0.000000 654.061035 0.000000 0.990616 0.000000 -0.136673 0.767906 0.767906 0.767906
4666.823730 0.000000 653.966309 0.000000 0.961275 0.000000 -0.275592 0.778936 0.778936 0.778936
4646.844727 0.000000 657.521667 0.000000 0.957775 0.000000 -0.287519 0.782354 0.782354 0.782354
4644.989258 0.000000 659.106995 0.000000 0.659139 0.000000 0.752021 0.629281 0.629281 0.629281
4663.387695 0.000000 655.980713 0.000000 0.459124 0.000000 -0.888372 0.888548 0.888548 0.888548
4639.445312 0.000000 659.739319 0.000000 0.977404 0.000000 -0.211379 0.779012 0.779012 0.779012
4651.357422 0.000000 667.429504 0.000000 0.239831 0.000000 -0.970815 0.919039 0.919039 0.919039
4670.964355 0.000000 644.640442 0.000000 0.995984 0.000000 -0.089530 0.761759 0.761759 0.761759
4647.417480 0.000000 658.806091 0.000000 0.376801 0.000000 -0.926294 0.914671 0.914671 0.914671
4658.933105 0.000000 641.795349 0.000000 0.383781 0.000000 0.923424 0.630011 0.630011 0.630011
4656.502441 0.000000 647.354980 0.000000 0.945478 0.000000 0.325686 0.711892 0.711892 0.711892
4658.103516 0.000000 665.790955 0.000000 0.020224 0.000000 -0.999795 0.958603 0.958603 0.958603
4650.588379 0.000000 655.353027 0.000000 0.993081 0.000000 -0.117432 0.763323 0.763323 0.763323
4662.776855 0.000000 652.673950 0.000000 0.416407 0.000000 -0.909179 0.893286 0.893286 0.893286
4660.508789 0.000000 653.684326 0.000000 0.305367 0.000000 0.952235 0.566972 0.566972 0.566972
4650.418457 0.000000 666.032776 0.000000 0.242527 0.000000 -0.970145 0.918685 0.918685 0.918685
4669.509766 0.000000 647.894104 0.000000 0.908847 0.000000 0.417130 0.693563 0.693563 0.693563
4670.197266 0.000000 655.123108 0.000000 0.332999 0.000000 0.942927 0.591265 0.591265 0.591265
4648.399414 0.000000 667.722778 0.000000 0.475798 0.000000 -0.879554 0.896424 0.896424 0.896424
4665.228027 0.000000 640.502747 0.000000 0.568700 0.000000 -0.822545 0.889165 0.889165 0.889165
4659.501953 0.000000 643.680420 0.000000 0.335693 0.000000 -0.941972 0.865584 0.865584 0.865584
4663.921875 0.000000 659.494019 0.000000 0.727475 0.000000 -0.686134 0.856826 0.856826 0.856826
4645.903809 0.000000 648.387024 0.000000 0.640836 0.000000 0.767678 0.639630 0.639630 0.639630
4650.817871 0.000000 653.316040 0.000000 0.843479 0.000000 0.537162 0.668296 0.668296 0.668296
4647.412598 0.000000 646.925659 0.000000 0.642120 0.000000 0.766604 0.654562 0.654562 0.654562
4655.024902 0.000000 665.244507 0.000000 0.376784 0.000000 0.926301 0.612606 0.612606 0.612606
4670.711426 0.000000 657.342407 0.000000 0.840144 0.000000 0.542364 0.682862 0.682862 0.682862
4654.998535 0.000000 664.155518 0.000000 0.628997 0.000000 0.777407 0.646702 0.646702 0.646702
4663.168457 0.000000 639.878601 0.000000 0.006286 0.000000 -0.999980 0.961357 0.961357 0.961357
4651.272949 0.000000 656.334595 0.000000 0.938364 0.000000 0.345648 0.704304 0.704304 0.704304
4641.512207 0.000000 650.493652 0.000000 0.259399 0.000000 -0.965770 0.862816 0.862816 0.862816
4668.119629 0.000000 647.447083 0.000000 0.045375 0.000000 -0.998970 0.950076 0.950076 0.950076
4662.488281 0.000000 659.192200 0.000000 0.016997 0.000000 0.999856 0.530490 0.530490 0.530490
4648.899902 0.000000 658.455078 0.000000 0.794984 0.000000 0.606630 0.669998 0.669998 0.669998
4656.008301 0.000000 665.597900 0.000000 0.370171 0.000000 0.928964 0.583666 0.583666 0.583666
4663.777832 0.000000 652.012451 0.000000 0.988422 0.000000 0.151728 0.730877 0.730877 0.730877
4648.061523 0.000000 656.752502 0.000000 0.342231 0.000000 -0.939616 0.884828 0.884828 0.884828
4659.714844 0.000000 645.758667 0.000000 0.918246 0.000000 -0.396010 0.794256 0.794256 0.794256
4640.520020 0.000000 652.388916 0.000000 0.848417 0.000000 0.529328 0.680283 0.680283 0.680283
4650.415039 0.000000 657.419434 0.000000 0.387249 0.000000 -0.921975 0.901896 0.901896 0.901896
4667.319824 0.000000 653.072937 0.000000 0.787226 0.000000 -0.616664 0.818867 0.818867 0.818867
4643.706055 0.000000 649.594971 0.000000 0.168220 0.000000 -0.985749 0.937009 0.937009 0.937009
4656.082031 0.000000 669.453979 0.000000 0.953867 0.000000 -0.300230 0.790681 0.790681 0.790681
4659.943359 0.000000 641.622620 0.000000 0.098728 0.000000 -0.995114 0.900065 0.900065 0.900065
4657.079102 0.000000 640.890015 0.000000 0.066210 0.000000 -0.997806 0.934662 0.934662 0.934662
4658.832520 0.000000 642.939148 0.000000 0.299477 0.000000 0.954104 0.630822 0.630822 0.630822
4663.615234 0.000000 653.918823 0.000000 0.940336 0.000000 0.340248 0.706413 0.706413 0.706413
4661.957031 0.000000 644.547485 0.000000 0.279625 0.000000 -0.960109 0.901502 0.901502 0.901502
4648.060059 0.000000 646.232361 0.000000 0.889674 0.000000 -0.456595 0.783960 0.783960 0.783960
4646.420410 0.000000 647.141846 0.000000 0.854692 0.000000 0.519136 0.690364 0.690364 0.690364
4663.709473 0.000000 643.573120 0.000000 0.782855 0.000000 -0.622205 0.812054 0.812054 0.812054
4656.191406 0.000000 666.512695 0.000000 0.998373 0.000000 0.057016 0.743767 0.743767 0.743767
4658.078125 0.000000 644.967041 0.000000 0.802237 0.000000 -0.597005 0.819538 0.819538 0.819538
4662.955078 0.000000 642.871155 0.000000 0.995253 0.000000 -0.097323 0.759007 0.759007 0.759007
4658.974609 0.000000 644.867188 0.000000 0.668765 0.000000 -0.743474 0.841112 0.841112 0.841112
4657.330078 0.000000 666.811523 0.000000 0.877911 0.000000 0.478824 0.695447 0.695447 0.695447
4662.965820 0.000000 641.154053 0.000000 0.690864 0.000000 0.722985 0.675328 0.675328 0.675328
4647.967285 0.000000 655.452881 0.000000 0.993870 0.000000 0.110552 0.739515 0.739515 0.739515
4646.161133 0.000000 654.412903 0.000000 0.253819 0.000000 -0.967252 0.874387 0.874387 0.874387
4649.463867 0.000000 647.196472 0.000000 0.931959 0.000000 0.362564 0.723428 0.723428 0.723428
4641.230957 0.000000 651.973450 0.000000 0.011423 0.000000 -0.999935 0.884456 0.884456 0.884456
4672.181152 0.000000 647.771973 0.000000 0.408537 0.000000 -0.912742 0.983511 0.983511 0.983511
4685.858887 0.000000 640.054321 0.000000 0.988915 0.000000 -0.148483 0.779175 0.779175 0.779175
4676.571777 0.000000 640.123657 0.000000 0.388865 0.000000 0.921295 0.539769 0.539769 0.539769
4694.328125 0.000000 640.527588 0.000000 0.351923 0.000000 -0.936029 0.942197 0.942197 0.942197
4681.820801 0.000000 644.989319 0.000000 0.944178 0.000000 -0.329435 0.815718 0.815718 0.815718
4675.044922 0.000000 653.093750 0.000000 0.844977 0.000000 0.534803 0.682011 0.682011 0.682011
4689.875488 0.000000 642.601501 0.000000 0.662835 0.000000 0.748765 0.605262 0.605262 0.605262
4671.785645 0.000000 656.381409 0.000000 0.083515 0.000000 0.996507 0.575822 0.575822 0.575822
4686.463867 0.000000 645.272522 0.000000 0.890399 0.000000 0.455181 0.698103 0.698103 0.698103
4675.506836 0.000000 644.193054 0.000000 0.201808 0.000000 -0.979425 0.847947 0.847947 0.847947
4671.510254 0.000000 652.096985 0.000000 0.823390 0.000000 -0.567476 0.867790 0.867790 0.867790
4698.260742 0.000000 639.913940 0.000000 0.861445 0.000000 -0.507852 0.845602 0.845602 0.845602
4677.491211 0.000000 650.830200 0.000000 0.818700 0.000000 -0.574222 0.843282 0.843282 0.843282
4684.297852 0.000000 642.900635 0.000000 0.383828 0.000000 0.923405 0.618117 0.618117 0.618117
4678.686523 0.000000 643.839722 0.000000 0.352271 0.000000 0.935898 0.557182 0.557182 0.557182
4674.695312 0.000000 649.531677 0.000000 0.688738 0.000000 0.725010 0.601251 0.601251 0.601251
4691.871094 0.000000 644.713501 0.000000 0.994127 0.000000 -0.108218 0.770922 0.770922 0.770922
4672.997559 0.000000 645.082275 0.000000 0.960392 0.000000 0.278654 0.722161 0.722161 0.722161
4687.208496 0.000000 642.668640 0.000000 0.638467 0.000000 -0.769649 0.910094 0.910094 0.910094
4674.812500 0.000000 646.987915 0.000000 0.473814 0.000000 -0.880625 0.952398 0.952398 0.952398
4693.534180 0.000000 642.886292 0.000000 0.578287 0.000000 0.815833 0.681663 0.681663 0.681663
4672.768066 0.000000 654.175415 0.000000 0.729476 0.000000 -0.684006 0.833142 0.833142 0.833142
4674.671875 0.000000 641.986023 0.000000 0.503729 0.000000 0.863862 0.547601 0.547601 0.547601
4672.542969 0.000000 650.026367 0.000000 0.819549 0.000000 0.573009 0.632951 0.632951 0.632951
4681.913574 0.000000 642.780579 0.000000 0.108394 0.000000 -0.994108 0.939320 0.939320 0.939320
4679.051758 0.000000 645.902710 0.000000 0.136625 0.000000 0.990623 0.477383 0.477383 0.477383
4673.880859 0.000000 651.486755 0.000000 0.775089 0.000000 0.631852 0.618801 0.618801 0.618801
4677.154785 0.000000 645.270264 0.000000 0.692341 0.000000 0.721570 0.692270 0.692270 0.692270
4676.568359 0.000000 642.600220 0.000000 0.853344 0.000000 0.521348 0.668825 0.668825 0.668825
4676.623535 0.000000 649.063416 0.000000 0.830774 0.000000 -0.556610 0.806867 0.806867 0.806867
4671.487793 0.000000 646.086426 0.000000 0.998151 0.000000 -0.060781 0.759822 0.759822 0.759822
4675.691895 0.000000 651.006897 0.000000 0.700294 0.000000 0.713855 0.661804 0.661804 0.661804
4691.784180 0.000000 642.587036 0.000000 0.674787 0.000000 0.738012 0.690547 0.690547 0.690547
4680.432129 0.000000 643.780273 0.000000 0.650042 0.000000 0.759899 0.638241 0.638241 0.638241
4671.457520 0.000000 644.198425 0.000000 0.598153 0.000000 0.801382 0.628071 0.628071 0.628071
4685.812012 0.000000 643.676453 0.000000 0.938383 0.000000 0.345598 0.710455 0.710455 0.710455
4671.439453 0.000000 657.956970 0.000000 0.996309 0.000000 0.085844 0.739934 0.739934 0.739934
4692.881836 0.000000 641.381714 0.000000 0.501253 0.000000 -0.865301 0.868366 0.868366 0.868366
4679.739258 0.000000 642.319214 0.000000 0.605471 0.000000 -0.795867 0.896579 0.896579 0.896579
4688.571777 0.000000 643.598083 0.000000 0.748654 0.000000 -0.662961 0.873968 0.873968 0.873968
4683.099609 0.000000 643.983459 0.000000 0.175311 0.000000 0.984513 0.597636 0.597636 0.597636
4673.146484 0.000000 655.684814 0.000000 0.816908 0.000000 0.576768 0.682143 0.682143 0.682143
4675.667969 0.000000 645.732239 0.000000 0.741957 0.000000 0.670447 0.697373 0.697373 0.697373
4671.461426 0.000000 654.857178 0.000000 0.725298 0.000000 0.688435 0.652111 0.652111 0.652111
4673.418945 0.000000 652.904480 0.000000 0.470969 0.000000 -0.882150 0.846799 0.846799 0.846799
4687.269531 0.000000 644.128723 0.000000 0.426345 0.000000 -0.904561 0.874131 0.874131 0.874131
4694.689453 0.000000 641.990295 0.000000 0.447788 0.000000 -0.894140 0.925588 0.925588 0.925588
4677.322266 0.000000 643.802429 0.000000 0.614953 0.000000 -0.788564 0.884466 0.884466 0.884466
4674.372559 0.000000 645.210571 0.000000 0.980591 0.000000 -0.196063 0.764133 0.764133 0.764133
4695.830566 0.000000 641.310181 0.000000 0.926794 0.000000 0.375571 0.688904 0.688904 0.688904
4677.874023 0.000000 649.488525 0.000000 0.999348 0.000000 0.036102 0.746521 0.746521 0.746521
4674.125977 0.000000 653.909302 0.000000 0.760851 0.000000 -0.648927 0.835087 0.835087 0.835087
4680.899414 0.000000 642.175293 0.000000 0.244361 0.000000 0.969684 0.578580 0.578580 0.578580
4687.923828 0.000000 645.131897 0.000000 0.754845 0.000000 -0.655903 0.828561 0.828561 0.828561
4681.611816 0.000000 643.880310 0.000000 0.427779 0.000000 0.903884 0.603851 0.603851 0.603851
4674.937988 0.000000 651.853210 0.000000 0.904311 0.000000 -0.426875 0.798928 0.798928 0.798928
4691.498047 0.000000 643.680420 0.000000 0.531489 0.000000 0.847065 0.677633 0.677633 0.677633
4677.899902 0.000000 648.387024 0.000000 0.527893 0.000000 -0.849311 0.847750 0.847750 0.847750
4674.652344 0.000000 650.634338 0.000000 0.937375 0.000000 0.348323 0.710530 0.710530 0.710530
4672.517578 0.000000 645.992676 0.000000 0.547399 0.000000 -0.836872 0.847749 0.847749 0.847749
4671.913086 0.000000 645.113831 0.000000 0.679457 0.000000 0.733715 0.641952 0.641952 0.641952
4672.516113 0.000000 652.388916 0.000000 0.783358 0.000000 -0.621571 0.810095 0.810095 0.810095
4676.503906 0.000000 644.441101 0.000000 0.312380 0.000000 0.949957 0.660253 0.660253 0.660253
4674.474121 0.000000 644.182373 0.000000 0.883938 0.000000 -0.467604 0.784849 0.784849 0.784849
4692.542969 0.000000 643.268799 0.000000 0.596961 0.000000 -0.802270 0.816684 0.816684 0.816684
4682.950195 0.000000 642.623047 0.000000 0.126543 0.000000 0.991961 0.592245 0.592245 0.592245
4673.678223 0.000000 654.808472 0.000000 0.730506 0.000000 0.682906 0.667025 0.667025 0.667025
4685.331543 0.000000 642.779968 0.000000 0.992048 0.000000 -0.125858 0.764142 0.764142 0.764142
4690.828613 0.000000 642.939148 0.000000 0.961031 0.000000 -0.276441 0.770060 0.770060 0.770060
4693.825684 0.000000 641.524475 0.000000 0.873999 0.000000 0.485929 0.692566 0.692566 0.692566
4672.176758 0.000000 655.481079 0.000000 0.786370 0.000000 0.617756 0.676500 0.676500 0.676500
4692.795410 0.000000 642.315186 0.000000 0.326055 0.000000 -0.945351 0.838713 0.838713 0.838713
4687.067383 0.000000 645.971375 0.000000 0.295616 0.000000 -0.955307 0.889544 0.889544 0.889544
4684.903320 0.000000 643.590149 0.000000 0.990720 0.000000 0.135916 0.734721 0.734721 0.734721
4693.435547 0.000000 640.676575 0.000000 0.963582 0.000000 -0.267414 0.780641 0.780641 0.780641
4673.181152 0.000000 644.186707 0.000000 0.484879 0.000000 0.874581 0.645052 0.645052 0.645052
4672.664062 0.000000 653.321289 0.000000 0.804968 0.000000 -0.593319 0.806908 0.806908 0.806908
4693.820312 0.000000 643.661072 0.000000 0.450103 0.000000 0.892977 0.670938 0.670938 0.670938
4675.170898 0.000000 644.960266 0.000000 0.951028 0.000000 0.309106 0.727493 0.727493 0.727493
4690.118164 0.000000 643.371826 0.000000 0.053169 0.000000 -0.998586 0.858690 0.858690 0.858690
"}
